from,to,commonMrnas,median
hsa-miR-654-5p,hsa-miR-541-3p,3443,117.5
hsa-miR-541-3p,hsa-miR-654-5p,3443,117.5
hsa-miR-485-5p,hsa-miR-665,3277,117.5
hsa-miR-665,hsa-miR-485-5p,3277,117.5
hsa-miR-665,hsa-miR-370-3p,1111,117.5
hsa-miR-370-3p,hsa-miR-665,1111,117.5
hsa-miR-381-3p,hsa-miR-493-5p,993,117.5
hsa-miR-493-5p,hsa-miR-381-3p,993,117.5
hsa-miR-665,hsa-miR-541-3p,935,117.5
hsa-miR-541-3p,hsa-miR-665,935,117.5
hsa-miR-485-5p,hsa-miR-381-3p,887,117.5
hsa-miR-381-3p,hsa-miR-485-5p,887,117.5
hsa-miR-485-5p,hsa-miR-370-3p,869,117.5
hsa-miR-370-3p,hsa-miR-485-5p,869,117.5
hsa-miR-485-5p,hsa-miR-541-3p,791,117.5
hsa-miR-541-3p,hsa-miR-485-5p,791,117.5
hsa-miR-665,hsa-miR-381-3p,751,117.5
hsa-miR-381-3p,hsa-miR-665,751,117.5
hsa-miR-381-3p,hsa-miR-485-3p,748,117.5
hsa-miR-485-3p,hsa-miR-381-3p,748,117.5
hsa-miR-485-5p,hsa-miR-654-5p,729,117.5
hsa-miR-654-5p,hsa-miR-485-5p,729,117.5
hsa-miR-543,hsa-miR-493-5p,725,117.5
hsa-miR-493-5p,hsa-miR-543,725,117.5
hsa-miR-665,hsa-miR-654-5p,698,117.5
hsa-miR-654-5p,hsa-miR-665,698,117.5
hsa-miR-665,hsa-miR-493-5p,696,117.5
hsa-miR-493-5p,hsa-miR-665,696,117.5
hsa-miR-493-5p,hsa-miR-485-3p,683,117.5
hsa-miR-485-3p,hsa-miR-493-5p,683,117.5
hsa-miR-485-5p,hsa-miR-493-5p,674,117.5
hsa-miR-493-5p,hsa-miR-485-5p,674,117.5
hsa-miR-485-5p,hsa-miR-433-3p,672,117.5
hsa-miR-433-3p,hsa-miR-485-5p,672,117.5
hsa-miR-433-3p,hsa-miR-381-3p,636,117.5
hsa-miR-381-3p,hsa-miR-433-3p,636,117.5
hsa-miR-543,hsa-miR-381-3p,629,117.5
hsa-miR-381-3p,hsa-miR-543,629,117.5
hsa-miR-485-5p,hsa-miR-485-3p,617,117.5
hsa-miR-485-3p,hsa-miR-485-5p,617,117.5
hsa-miR-539-5p,hsa-miR-381-3p,599,117.5
hsa-miR-381-3p,hsa-miR-539-5p,599,117.5
hsa-miR-665,hsa-miR-433-3p,597,117.5
hsa-miR-433-3p,hsa-miR-665,597,117.5
hsa-miR-665,hsa-miR-539-5p,593,117.5
hsa-miR-539-5p,hsa-miR-665,593,117.5
hsa-miR-495-3p,hsa-miR-493-5p,560,117.5
hsa-miR-493-5p,hsa-miR-495-3p,560,117.5
hsa-miR-539-5p,hsa-miR-493-5p,559,117.5
hsa-miR-493-5p,hsa-miR-539-5p,559,117.5
hsa-miR-665,hsa-miR-134-5p,549,117.5
hsa-miR-134-5p,hsa-miR-665,549,117.5
hsa-miR-495-3p,hsa-miR-381-3p,547,117.5
hsa-miR-665,hsa-miR-432-5p,547,117.5
hsa-miR-432-5p,hsa-miR-665,547,117.5
hsa-miR-381-3p,hsa-miR-495-3p,547,117.5
hsa-miR-543,hsa-miR-433-3p,545,117.5
hsa-miR-433-3p,hsa-miR-543,545,117.5
hsa-miR-485-5p,hsa-miR-432-5p,541,117.5
hsa-miR-432-5p,hsa-miR-485-5p,541,117.5
hsa-miR-665,hsa-miR-431-5p,534,117.5
hsa-miR-431-5p,hsa-miR-665,534,117.5
hsa-miR-665,hsa-miR-543,524,117.5
hsa-miR-543,hsa-miR-665,524,117.5
hsa-miR-381-3p,hsa-miR-758-3p,524,117.5
hsa-miR-758-3p,hsa-miR-381-3p,524,117.5
hsa-miR-485-5p,hsa-miR-541-5p,522,117.5
hsa-miR-370-3p,hsa-miR-381-3p,522,117.5
hsa-miR-381-3p,hsa-miR-370-3p,522,117.5
hsa-miR-541-5p,hsa-miR-485-5p,522,117.5
hsa-miR-409-3p,hsa-miR-381-3p,514,117.5
hsa-miR-381-3p,hsa-miR-409-3p,514,117.5
hsa-miR-493-5p,hsa-miR-758-3p,512,117.5
hsa-miR-758-3p,hsa-miR-493-5p,512,117.5
hsa-miR-485-5p,hsa-miR-329-3p,510,117.5
hsa-miR-329-3p,hsa-miR-485-5p,510,117.5
hsa-miR-485-5p,hsa-miR-543,509,117.5
hsa-miR-543,hsa-miR-485-5p,509,117.5
hsa-miR-329-3p,hsa-miR-493-5p,509,117.5
hsa-miR-493-5p,hsa-miR-329-3p,509,117.5
hsa-miR-381-3p,hsa-miR-1197,506,117.5
hsa-miR-1197,hsa-miR-381-3p,506,117.5
hsa-miR-381-3p,hsa-miR-329-3p,501,117.5
hsa-miR-329-3p,hsa-miR-381-3p,501,117.5
hsa-miR-485-5p,hsa-miR-539-5p,500,117.5
hsa-miR-539-5p,hsa-miR-485-5p,500,117.5
hsa-miR-665,hsa-miR-382-5p,484,117.5
hsa-miR-493-5p,hsa-miR-541-5p,484,117.5
hsa-miR-382-5p,hsa-miR-665,484,117.5
hsa-miR-541-5p,hsa-miR-493-5p,484,117.5
hsa-miR-493-5p,hsa-miR-134-5p,483,117.5
hsa-miR-134-5p,hsa-miR-493-5p,483,117.5
hsa-miR-539-5p,hsa-miR-543,482,117.5
hsa-miR-543,hsa-miR-539-5p,482,117.5
hsa-miR-493-5p,hsa-miR-409-3p,481,117.5
hsa-miR-409-3p,hsa-miR-493-5p,481,117.5
hsa-miR-370-3p,hsa-miR-541-3p,480,117.5
hsa-miR-541-3p,hsa-miR-370-3p,480,117.5
hsa-miR-381-3p,hsa-miR-127-5p,473,117.5
hsa-miR-127-5p,hsa-miR-381-3p,473,117.5
hsa-miR-654-5p,hsa-miR-370-3p,469,117.5
hsa-miR-370-3p,hsa-miR-654-5p,469,117.5
hsa-miR-381-3p,hsa-miR-410-3p,469,117.5
hsa-miR-410-3p,hsa-miR-381-3p,469,117.5
hsa-miR-665,hsa-miR-329-3p,465,117.5
hsa-miR-329-3p,hsa-miR-665,465,117.5
hsa-miR-665,hsa-miR-494-3p,461,117.5
hsa-miR-494-3p,hsa-miR-665,461,117.5
hsa-miR-381-3p,hsa-miR-134-5p,456,117.5
hsa-miR-134-5p,hsa-miR-381-3p,456,117.5
hsa-miR-665,hsa-miR-541-5p,454,117.5
hsa-miR-381-3p,hsa-miR-431-5p,454,117.5
hsa-miR-431-5p,hsa-miR-381-3p,454,117.5
hsa-miR-541-5p,hsa-miR-665,454,117.5
hsa-miR-493-5p,hsa-miR-323a-3p,451,117.5
hsa-miR-323a-3p,hsa-miR-493-5p,451,117.5
hsa-miR-381-3p,hsa-miR-541-5p,447,117.5
hsa-miR-541-5p,hsa-miR-381-3p,447,117.5
hsa-miR-433-3p,hsa-miR-493-5p,443,117.5
hsa-miR-493-5p,hsa-miR-433-3p,443,117.5
hsa-miR-665,hsa-miR-1197,438,117.5
hsa-miR-1197,hsa-miR-665,438,117.5
hsa-miR-485-5p,hsa-miR-758-3p,434,117.5
hsa-miR-758-3p,hsa-miR-485-5p,434,117.5
hsa-miR-485-5p,hsa-miR-493-3p,433,117.5
hsa-miR-665,hsa-miR-127-5p,433,117.5
hsa-miR-127-5p,hsa-miR-665,433,117.5
hsa-miR-493-3p,hsa-miR-485-5p,433,117.5
hsa-miR-495-3p,hsa-miR-665,430,117.5
hsa-miR-665,hsa-miR-495-3p,430,117.5
hsa-miR-485-5p,hsa-miR-382-5p,425,117.5
hsa-miR-382-5p,hsa-miR-485-5p,425,117.5
hsa-miR-485-5p,hsa-miR-494-3p,423,117.5
hsa-miR-494-3p,hsa-miR-485-5p,423,117.5
hsa-miR-495-3p,hsa-miR-543,420,117.5
hsa-miR-543,hsa-miR-495-3p,420,117.5
hsa-miR-432-5p,hsa-miR-381-3p,418,117.5
hsa-miR-381-3p,hsa-miR-432-5p,418,117.5
hsa-miR-665,hsa-miR-485-3p,411,117.5
hsa-miR-485-3p,hsa-miR-665,411,117.5
hsa-miR-541-5p,hsa-miR-329-3p,403,117.5
hsa-miR-329-3p,hsa-miR-541-5p,403,117.5
hsa-miR-485-5p,hsa-miR-127-5p,400,117.5
hsa-miR-127-5p,hsa-miR-485-5p,400,117.5
hsa-miR-539-5p,hsa-miR-433-3p,399,117.5
hsa-miR-433-3p,hsa-miR-539-5p,399,117.5
hsa-miR-432-5p,hsa-miR-493-5p,398,117.5
hsa-miR-493-5p,hsa-miR-432-5p,398,117.5
hsa-miR-485-5p,hsa-miR-134-5p,396,117.5
hsa-miR-381-3p,hsa-miR-323a-3p,396,117.5
hsa-miR-329-3p,hsa-miR-409-3p,396,117.5
hsa-miR-134-5p,hsa-miR-485-5p,396,117.5
hsa-miR-323a-3p,hsa-miR-381-3p,396,117.5
hsa-miR-409-3p,hsa-miR-329-3p,396,117.5
hsa-miR-433-3p,hsa-miR-432-5p,394,117.5
hsa-miR-432-5p,hsa-miR-433-3p,394,117.5
hsa-miR-495-3p,hsa-miR-485-5p,387,117.5
hsa-miR-485-5p,hsa-miR-495-3p,387,117.5
hsa-miR-409-3p,hsa-miR-541-5p,384,117.5
hsa-miR-541-5p,hsa-miR-409-3p,384,117.5
hsa-miR-431-5p,hsa-miR-485-5p,383,117.5
hsa-miR-485-3p,hsa-miR-370-3p,383,117.5
hsa-miR-485-5p,hsa-miR-431-5p,383,117.5
hsa-miR-370-3p,hsa-miR-485-3p,383,117.5
hsa-miR-493-5p,hsa-miR-136-5p,379,117.5
hsa-miR-136-5p,hsa-miR-493-5p,379,117.5
hsa-miR-493-3p,hsa-miR-665,377,117.5
hsa-miR-493-3p,hsa-miR-493-5p,377,117.5
hsa-miR-665,hsa-miR-493-3p,377,117.5
hsa-miR-541-3p,hsa-miR-381-3p,377,117.5
hsa-miR-381-3p,hsa-miR-541-3p,377,117.5
hsa-miR-493-5p,hsa-miR-493-3p,377,117.5
hsa-miR-543,hsa-miR-485-3p,376,117.5
hsa-miR-485-3p,hsa-miR-543,376,117.5
hsa-miR-485-3p,hsa-miR-487a-3p,376,117.5
hsa-miR-487a-3p,hsa-miR-485-3p,376,117.5
hsa-miR-381-3p,hsa-miR-494-3p,370,117.5
hsa-miR-494-3p,hsa-miR-381-3p,370,117.5
hsa-miR-370-3p,hsa-miR-329-3p,367,117.5
hsa-miR-329-3p,hsa-miR-370-3p,367,117.5
hsa-miR-539-5p,hsa-miR-134-5p,362,117.5
hsa-miR-381-3p,hsa-miR-493-3p,362,117.5
hsa-miR-493-5p,hsa-miR-127-5p,362,117.5
hsa-miR-134-5p,hsa-miR-539-5p,362,117.5
hsa-miR-127-5p,hsa-miR-493-5p,362,117.5
hsa-miR-493-3p,hsa-miR-381-3p,362,117.5
hsa-miR-665,hsa-miR-758-3p,361,117.5
hsa-miR-758-3p,hsa-miR-665,361,117.5
hsa-miR-665,hsa-miR-654-3p,358,117.5
hsa-miR-654-3p,hsa-miR-665,358,117.5
hsa-miR-543,hsa-miR-329-3p,357,117.5
hsa-miR-329-3p,hsa-miR-543,357,117.5
hsa-miR-665,hsa-miR-136-5p,354,117.5
hsa-miR-136-5p,hsa-miR-665,354,117.5
hsa-miR-134-5p,hsa-miR-758-3p,352,117.5
hsa-miR-758-3p,hsa-miR-134-5p,352,117.5
hsa-miR-370-3p,hsa-miR-134-5p,349,117.5
hsa-miR-134-5p,hsa-miR-370-3p,349,117.5
hsa-miR-433-3p,hsa-miR-485-3p,349,117.5
hsa-miR-485-3p,hsa-miR-433-3p,349,117.5
hsa-miR-370-3p,hsa-miR-493-5p,347,117.5
hsa-miR-493-5p,hsa-miR-370-3p,347,117.5
hsa-miR-370-3p,hsa-miR-432-5p,346,117.5
hsa-miR-432-5p,hsa-miR-370-3p,346,117.5
hsa-miR-381-3p,hsa-miR-654-3p,346,117.5
hsa-miR-654-3p,hsa-miR-381-3p,346,117.5
hsa-miR-433-3p,hsa-miR-758-3p,340,117.5
hsa-miR-1197,hsa-miR-493-5p,340,117.5
hsa-miR-654-5p,hsa-miR-381-3p,340,117.5
hsa-miR-381-3p,hsa-miR-654-5p,340,117.5
hsa-miR-493-5p,hsa-miR-1197,340,117.5
hsa-miR-758-3p,hsa-miR-433-3p,340,117.5
hsa-miR-485-5p,hsa-miR-654-3p,338,117.5
hsa-miR-370-3p,hsa-miR-431-5p,338,117.5
hsa-miR-431-5p,hsa-miR-370-3p,338,117.5
hsa-miR-654-3p,hsa-miR-485-5p,338,117.5
hsa-miR-493-3p,hsa-miR-370-3p,337,117.5
hsa-miR-370-3p,hsa-miR-493-3p,337,117.5
hsa-miR-485-5p,hsa-miR-1197,336,117.5
hsa-miR-1197,hsa-miR-485-5p,336,117.5
hsa-miR-541-5p,hsa-miR-539-5p,335,117.5
hsa-miR-539-5p,hsa-miR-541-5p,335,117.5
hsa-miR-539-5p,hsa-miR-329-3p,335,117.5
hsa-miR-329-3p,hsa-miR-539-5p,335,117.5
hsa-miR-665,hsa-miR-409-3p,334,117.5
hsa-miR-432-5p,hsa-miR-431-5p,334,117.5
hsa-miR-381-3p,hsa-miR-382-5p,334,117.5
hsa-miR-382-5p,hsa-miR-381-3p,334,117.5
hsa-miR-409-3p,hsa-miR-665,334,117.5
hsa-miR-431-5p,hsa-miR-432-5p,334,117.5
hsa-miR-485-3p,hsa-miR-539-5p,333,117.5
hsa-miR-539-5p,hsa-miR-485-3p,333,117.5
hsa-miR-543,hsa-miR-432-5p,331,117.5
hsa-miR-432-5p,hsa-miR-543,331,117.5
hsa-miR-493-5p,hsa-miR-382-5p,331,117.5
hsa-miR-382-5p,hsa-miR-493-5p,331,117.5
hsa-miR-495-3p,hsa-miR-485-3p,330,117.5
hsa-miR-543,hsa-miR-136-5p,330,117.5
hsa-miR-493-5p,hsa-miR-431-5p,330,117.5
hsa-miR-136-5p,hsa-miR-543,330,117.5
hsa-miR-431-5p,hsa-miR-493-5p,330,117.5
hsa-miR-485-3p,hsa-miR-495-3p,330,117.5
hsa-miR-495-3p,hsa-miR-539-5p,329,117.5
hsa-miR-539-5p,hsa-miR-495-3p,329,117.5
hsa-miR-370-3p,hsa-miR-758-3p,329,117.5
hsa-miR-758-3p,hsa-miR-370-3p,329,117.5
hsa-miR-134-5p,hsa-miR-654-3p,328,117.5
hsa-miR-654-3p,hsa-miR-134-5p,328,117.5
hsa-miR-433-3p,hsa-miR-134-5p,327,117.5
hsa-miR-134-5p,hsa-miR-433-3p,327,117.5
hsa-miR-410-3p,hsa-miR-493-5p,326,117.5
hsa-miR-493-5p,hsa-miR-410-3p,326,117.5
hsa-miR-370-3p,hsa-miR-1197,325,117.5
hsa-miR-409-3p,hsa-miR-485-3p,325,117.5
hsa-miR-1197,hsa-miR-370-3p,325,117.5
hsa-miR-485-3p,hsa-miR-409-3p,325,117.5
hsa-miR-136-5p,hsa-miR-381-3p,320,117.5
hsa-miR-381-3p,hsa-miR-136-5p,320,117.5
hsa-miR-495-3p,hsa-miR-433-3p,319,117.5
hsa-miR-433-3p,hsa-miR-495-3p,319,117.5
hsa-miR-433-3p,hsa-miR-541-5p,319,117.5
hsa-miR-541-5p,hsa-miR-433-3p,319,117.5
hsa-miR-543,hsa-miR-134-5p,318,117.5
hsa-miR-134-5p,hsa-miR-543,318,117.5
hsa-miR-543,hsa-miR-541-5p,317,117.5
hsa-miR-541-5p,hsa-miR-543,317,117.5
hsa-miR-541-3p,hsa-miR-493-5p,316,117.5
hsa-miR-493-5p,hsa-miR-541-3p,316,117.5
hsa-miR-409-3p,hsa-miR-433-3p,313,117.5
hsa-miR-433-3p,hsa-miR-409-3p,313,117.5
hsa-miR-770-5p,hsa-miR-381-3p,312,117.5
hsa-miR-541-5p,hsa-miR-432-5p,312,117.5
hsa-miR-432-5p,hsa-miR-541-5p,312,117.5
hsa-miR-381-3p,hsa-miR-770-5p,312,117.5
hsa-miR-134-5p,hsa-miR-485-3p,311,117.5
hsa-miR-485-3p,hsa-miR-134-5p,311,117.5
hsa-miR-494-3p,hsa-miR-493-5p,308,117.5
hsa-miR-493-5p,hsa-miR-494-3p,308,117.5
hsa-miR-127-5p,hsa-miR-485-3p,307,117.5
hsa-miR-485-3p,hsa-miR-127-5p,307,117.5
hsa-miR-409-3p,hsa-miR-495-3p,306,117.5
hsa-miR-495-3p,hsa-miR-409-3p,306,117.5
hsa-miR-485-5p,hsa-miR-668-3p,304,117.5
hsa-miR-410-3p,hsa-miR-485-3p,304,117.5
hsa-miR-668-3p,hsa-miR-485-5p,304,117.5
hsa-miR-485-3p,hsa-miR-410-3p,304,117.5
hsa-miR-485-3p,hsa-miR-541-5p,303,117.5
hsa-miR-485-3p,hsa-miR-329-3p,303,117.5
hsa-miR-541-5p,hsa-miR-485-3p,303,117.5
hsa-miR-329-3p,hsa-miR-485-3p,303,117.5
hsa-miR-539-5p,hsa-miR-409-3p,301,117.5
hsa-miR-409-3p,hsa-miR-539-5p,301,117.5
hsa-miR-668-3p,hsa-miR-665,300,117.5
hsa-miR-665,hsa-miR-668-3p,300,117.5
hsa-miR-543,hsa-miR-494-3p,300,117.5
hsa-miR-494-3p,hsa-miR-543,300,117.5
hsa-miR-136-5p,hsa-miR-541-5p,299,117.5
hsa-miR-541-5p,hsa-miR-136-5p,299,117.5
hsa-miR-433-3p,hsa-miR-329-3p,298,117.5
hsa-miR-543,hsa-miR-370-3p,298,117.5
hsa-miR-370-3p,hsa-miR-543,298,117.5
hsa-miR-329-3p,hsa-miR-433-3p,298,117.5
hsa-miR-665,hsa-miR-410-3p,297,117.5
hsa-miR-410-3p,hsa-miR-665,297,117.5
hsa-miR-134-5p,hsa-miR-493-3p,297,117.5
hsa-miR-493-3p,hsa-miR-134-5p,297,117.5
hsa-miR-485-5p,hsa-miR-410-3p,296,117.5
hsa-miR-410-3p,hsa-miR-485-5p,296,117.5
hsa-miR-654-5p,hsa-miR-432-5p,292,117.5
hsa-miR-432-5p,hsa-miR-654-5p,292,117.5
hsa-miR-495-3p,hsa-miR-127-5p,290,117.5
hsa-miR-541-3p,hsa-miR-432-5p,290,117.5
hsa-miR-432-5p,hsa-miR-541-3p,290,117.5
hsa-miR-127-5p,hsa-miR-495-3p,290,117.5
hsa-miR-381-3p,hsa-miR-377-3p,288,117.5
hsa-miR-377-3p,hsa-miR-381-3p,288,117.5
hsa-miR-654-5p,hsa-miR-493-5p,283,117.5
hsa-miR-493-5p,hsa-miR-654-5p,283,117.5
hsa-miR-543,hsa-miR-409-3p,281,117.5
hsa-miR-134-5p,hsa-miR-136-5p,281,117.5
hsa-miR-409-3p,hsa-miR-543,281,117.5
hsa-miR-136-5p,hsa-miR-134-5p,281,117.5
hsa-miR-544a,hsa-miR-493-5p,280,117.5
hsa-miR-493-5p,hsa-miR-544a,280,117.5
hsa-miR-485-5p,hsa-miR-409-3p,279,117.5
hsa-miR-541-3p,hsa-miR-329-3p,279,117.5
hsa-miR-329-3p,hsa-miR-541-3p,279,117.5
hsa-miR-409-3p,hsa-miR-485-5p,279,117.5
hsa-miR-136-5p,hsa-miR-485-5p,277,117.5
hsa-miR-493-3p,hsa-miR-433-3p,277,117.5
hsa-miR-433-3p,hsa-miR-493-3p,277,117.5
hsa-miR-485-5p,hsa-miR-136-5p,277,117.5
hsa-miR-539-5p,hsa-miR-370-3p,276,117.5
hsa-miR-370-3p,hsa-miR-539-5p,276,117.5
hsa-miR-381-3p,hsa-miR-154-5p,272,117.5
hsa-miR-154-5p,hsa-miR-381-3p,272,117.5
hsa-miR-136-5p,hsa-miR-432-5p,271,117.5
hsa-miR-432-5p,hsa-miR-136-5p,271,117.5
hsa-miR-543,hsa-miR-410-3p,270,117.5
hsa-miR-410-3p,hsa-miR-543,270,117.5
hsa-miR-543,hsa-miR-127-5p,267,117.5
hsa-miR-127-5p,hsa-miR-543,267,117.5
hsa-miR-758-3p,hsa-miR-485-3p,267,117.5
hsa-miR-485-3p,hsa-miR-758-3p,267,117.5
hsa-miR-432-5p,hsa-miR-329-3p,266,117.5
hsa-miR-329-3p,hsa-miR-432-5p,266,117.5
hsa-miR-539-5p,hsa-miR-654-3p,265,117.5
hsa-miR-654-3p,hsa-miR-539-5p,265,117.5
hsa-miR-541-5p,hsa-miR-127-5p,263,117.5
hsa-miR-127-5p,hsa-miR-541-5p,263,117.5
hsa-miR-495-3p,hsa-miR-493-3p,262,117.5
hsa-miR-665,hsa-miR-544a,262,117.5
hsa-miR-539-5p,hsa-miR-432-5p,262,117.5
hsa-miR-544a,hsa-miR-665,262,117.5
hsa-miR-432-5p,hsa-miR-539-5p,262,117.5
hsa-miR-493-3p,hsa-miR-495-3p,262,117.5
hsa-miR-376b-3p,hsa-miR-376a-3p,262,117.5
hsa-miR-376a-3p,hsa-miR-376b-3p,262,117.5
hsa-miR-668-3p,hsa-miR-370-3p,261,117.5
hsa-miR-370-3p,hsa-miR-668-3p,261,117.5
hsa-miR-154-5p,hsa-miR-485-3p,258,117.5
hsa-miR-485-3p,hsa-miR-154-5p,258,117.5
hsa-miR-668-3p,hsa-miR-381-3p,256,117.5
hsa-miR-381-3p,hsa-miR-668-3p,256,117.5
hsa-miR-370-3p,hsa-miR-541-5p,255,117.5
hsa-miR-541-3p,hsa-miR-134-5p,255,117.5
hsa-miR-134-5p,hsa-miR-541-3p,255,117.5
hsa-miR-541-5p,hsa-miR-370-3p,255,117.5
hsa-miR-433-3p,hsa-miR-127-5p,253,117.5
hsa-miR-543,hsa-miR-323a-3p,253,117.5
hsa-miR-127-5p,hsa-miR-433-3p,253,117.5
hsa-miR-323a-3p,hsa-miR-543,253,117.5
hsa-miR-543,hsa-miR-541-3p,252,117.5
hsa-miR-541-3p,hsa-miR-543,252,117.5
hsa-miR-495-3p,hsa-miR-758-3p,251,117.5
hsa-miR-758-3p,hsa-miR-495-3p,251,117.5
hsa-miR-495-3p,hsa-miR-134-5p,250,117.5
hsa-miR-539-5p,hsa-miR-758-3p,250,117.5
hsa-miR-134-5p,hsa-miR-495-3p,250,117.5
hsa-miR-758-3p,hsa-miR-539-5p,250,117.5
hsa-miR-493-5p,hsa-miR-668-3p,249,117.5
hsa-miR-668-3p,hsa-miR-493-5p,249,117.5
hsa-miR-377-3p,hsa-miR-493-5p,248,117.5
hsa-miR-493-5p,hsa-miR-377-3p,248,117.5
hsa-miR-543,hsa-miR-382-5p,246,117.5
hsa-miR-382-5p,hsa-miR-543,246,117.5
hsa-miR-495-3p,hsa-miR-541-5p,245,117.5
hsa-miR-495-3p,hsa-miR-329-3p,245,117.5
hsa-miR-329-3p,hsa-miR-495-3p,245,117.5
hsa-miR-541-5p,hsa-miR-495-3p,245,117.5
hsa-miR-487a-3p,hsa-miR-493-5p,242,117.5
hsa-miR-493-5p,hsa-miR-487a-3p,242,117.5
hsa-miR-493-5p,hsa-miR-496,241,117.5
hsa-miR-496,hsa-miR-493-5p,241,117.5
hsa-miR-136-5p,hsa-miR-485-3p,240,117.5
hsa-miR-485-3p,hsa-miR-136-5p,240,117.5
hsa-miR-154-5p,hsa-miR-493-5p,239,117.5
hsa-miR-493-5p,hsa-miR-154-5p,239,117.5
hsa-miR-134-5p,hsa-miR-154-5p,238,117.5
hsa-miR-136-5p,hsa-miR-433-3p,238,117.5
hsa-miR-433-3p,hsa-miR-136-5p,238,117.5
hsa-miR-154-5p,hsa-miR-134-5p,238,117.5
hsa-miR-431-5p,hsa-miR-485-3p,237,117.5
hsa-miR-485-3p,hsa-miR-494-3p,237,117.5
hsa-miR-485-3p,hsa-miR-431-5p,237,117.5
hsa-miR-665,hsa-miR-323a-3p,237,117.5
hsa-miR-494-3p,hsa-miR-485-3p,237,117.5
hsa-miR-323a-3p,hsa-miR-665,237,117.5
hsa-miR-539-5p,hsa-miR-136-5p,236,117.5
hsa-miR-543,hsa-miR-431-5p,236,117.5
hsa-miR-136-5p,hsa-miR-539-5p,236,117.5
hsa-miR-431-5p,hsa-miR-543,236,117.5
hsa-miR-485-5p,hsa-miR-323a-3p,235,117.5
hsa-miR-323a-3p,hsa-miR-485-5p,235,117.5
hsa-miR-541-3p,hsa-miR-1197,233,117.5
hsa-miR-1197,hsa-miR-541-3p,233,117.5
hsa-miR-1197,hsa-miR-485-3p,233,117.5
hsa-miR-485-3p,hsa-miR-1197,233,117.5
hsa-miR-136-5p,hsa-miR-329-3p,232,117.5
hsa-miR-433-3p,hsa-miR-1197,232,117.5
hsa-miR-1197,hsa-miR-433-3p,232,117.5
hsa-miR-432-5p,hsa-miR-127-5p,232,117.5
hsa-miR-329-3p,hsa-miR-382-5p,232,117.5
hsa-miR-329-3p,hsa-miR-136-5p,232,117.5
hsa-miR-127-5p,hsa-miR-432-5p,232,117.5
hsa-miR-382-5p,hsa-miR-329-3p,232,117.5
hsa-miR-665,hsa-miR-770-5p,231,117.5
hsa-miR-370-3p,hsa-miR-299-3p,231,117.5
hsa-miR-299-3p,hsa-miR-370-3p,231,117.5
hsa-miR-770-5p,hsa-miR-665,231,117.5
hsa-miR-495-3p,hsa-miR-370-3p,230,117.5
hsa-miR-370-3p,hsa-miR-495-3p,230,117.5
hsa-miR-410-3p,hsa-miR-329-3p,230,117.5
hsa-miR-329-3p,hsa-miR-410-3p,230,117.5
hsa-miR-370-3p,hsa-miR-433-3p,229,117.5
hsa-miR-494-3p,hsa-miR-433-3p,229,117.5
hsa-miR-134-5p,hsa-miR-1197,229,117.5
hsa-miR-433-3p,hsa-miR-494-3p,229,117.5
hsa-miR-433-3p,hsa-miR-370-3p,229,117.5
hsa-miR-1197,hsa-miR-134-5p,229,117.5
hsa-miR-541-5p,hsa-miR-541-3p,227,117.5
hsa-miR-543,hsa-miR-758-3p,227,117.5
hsa-miR-541-3p,hsa-miR-541-5p,227,117.5
hsa-miR-758-3p,hsa-miR-543,227,117.5
hsa-miR-654-5p,hsa-miR-329-3p,226,117.5
hsa-miR-370-3p,hsa-miR-409-3p,226,117.5
hsa-miR-329-3p,hsa-miR-654-5p,226,117.5
hsa-miR-409-3p,hsa-miR-370-3p,226,117.5
hsa-miR-654-3p,hsa-miR-329-3p,224,117.5
hsa-miR-329-3p,hsa-miR-654-3p,224,117.5
hsa-miR-134-5p,hsa-miR-409-3p,223,117.5
hsa-miR-409-3p,hsa-miR-134-5p,223,117.5
hsa-miR-493-3p,hsa-miR-431-5p,223,117.5
hsa-miR-431-5p,hsa-miR-493-3p,223,117.5
hsa-miR-493-3p,hsa-miR-329-3p,222,117.5
hsa-miR-329-3p,hsa-miR-493-3p,222,117.5
hsa-miR-410-3p,hsa-miR-409-3p,220,117.5
hsa-miR-409-3p,hsa-miR-410-3p,220,117.5
hsa-miR-544a,hsa-miR-381-3p,219,117.5
hsa-miR-381-3p,hsa-miR-544a,219,117.5
hsa-miR-485-5p,hsa-miR-544a,218,117.5
hsa-miR-544a,hsa-miR-485-5p,218,117.5
hsa-miR-543,hsa-miR-544a,217,117.5
hsa-miR-654-5p,hsa-miR-134-5p,217,117.5
hsa-miR-544a,hsa-miR-543,217,117.5
hsa-miR-541-3p,hsa-miR-494-3p,217,117.5
hsa-miR-494-3p,hsa-miR-541-3p,217,117.5
hsa-miR-493-5p,hsa-miR-299-3p,217,117.5
hsa-miR-134-5p,hsa-miR-654-5p,217,117.5
hsa-miR-299-3p,hsa-miR-493-5p,217,117.5
hsa-miR-541-5p,hsa-miR-134-5p,214,117.5
hsa-miR-539-5p,hsa-miR-494-3p,214,117.5
hsa-miR-329-3p,hsa-miR-758-3p,214,117.5
hsa-miR-494-3p,hsa-miR-539-5p,214,117.5
hsa-miR-134-5p,hsa-miR-541-5p,214,117.5
hsa-miR-127-5p,hsa-miR-382-5p,214,117.5
hsa-miR-382-5p,hsa-miR-127-5p,214,117.5
hsa-miR-758-3p,hsa-miR-329-3p,214,117.5
hsa-miR-495-3p,hsa-miR-136-5p,213,117.5
hsa-miR-654-5p,hsa-miR-541-5p,213,117.5
hsa-miR-329-3p,hsa-miR-494-3p,213,117.5
hsa-miR-494-3p,hsa-miR-329-3p,213,117.5
hsa-miR-493-5p,hsa-miR-376c-3p,213,117.5
hsa-miR-136-5p,hsa-miR-495-3p,213,117.5
hsa-miR-376c-3p,hsa-miR-493-5p,213,117.5
hsa-miR-541-5p,hsa-miR-654-5p,213,117.5
hsa-miR-668-3p,hsa-miR-543,211,117.5
hsa-miR-654-3p,hsa-miR-370-3p,211,117.5
hsa-miR-665,hsa-miR-377-3p,211,117.5
hsa-miR-539-5p,hsa-miR-382-5p,211,117.5
hsa-miR-543,hsa-miR-668-3p,211,117.5
hsa-miR-370-3p,hsa-miR-654-3p,211,117.5
hsa-miR-377-3p,hsa-miR-665,211,117.5
hsa-miR-382-5p,hsa-miR-539-5p,211,117.5
hsa-miR-665,hsa-miR-154-5p,209,117.5
hsa-miR-543,hsa-miR-654-5p,209,117.5
hsa-miR-654-5p,hsa-miR-543,209,117.5
hsa-miR-370-3p,hsa-miR-410-3p,209,117.5
hsa-miR-410-3p,hsa-miR-370-3p,209,117.5
hsa-miR-154-5p,hsa-miR-665,209,117.5
hsa-miR-668-3p,hsa-miR-432-5p,208,117.5
hsa-miR-370-3p,hsa-miR-494-3p,208,117.5
hsa-miR-432-5p,hsa-miR-668-3p,208,117.5
hsa-miR-494-3p,hsa-miR-370-3p,208,117.5
hsa-miR-432-5p,hsa-miR-758-3p,207,117.5
hsa-miR-758-3p,hsa-miR-432-5p,207,117.5
hsa-miR-543,hsa-miR-377-3p,206,117.5
hsa-miR-377-3p,hsa-miR-543,206,117.5
hsa-miR-329-3p,hsa-miR-134-5p,206,117.5
hsa-miR-493-5p,hsa-miR-654-3p,206,117.5
hsa-miR-134-5p,hsa-miR-329-3p,206,117.5
hsa-miR-654-3p,hsa-miR-493-5p,206,117.5
hsa-miR-380-3p,hsa-miR-381-3p,205,117.5
hsa-miR-541-3p,hsa-miR-382-5p,205,117.5
hsa-miR-381-3p,hsa-miR-380-3p,205,117.5
hsa-miR-382-5p,hsa-miR-541-3p,205,117.5
hsa-miR-381-3p,hsa-miR-487a-3p,204,117.5
hsa-miR-494-3p,hsa-miR-541-5p,204,117.5
hsa-miR-493-5p,hsa-miR-770-5p,204,117.5
hsa-miR-770-5p,hsa-miR-493-5p,204,117.5
hsa-miR-487a-3p,hsa-miR-381-3p,204,117.5
hsa-miR-541-5p,hsa-miR-494-3p,204,117.5
hsa-miR-433-3p,hsa-miR-410-3p,203,117.5
hsa-miR-1197,hsa-miR-654-5p,203,117.5
hsa-miR-654-5p,hsa-miR-1197,203,117.5
hsa-miR-370-3p,hsa-miR-544a,203,117.5
hsa-miR-544a,hsa-miR-370-3p,203,117.5
hsa-miR-410-3p,hsa-miR-433-3p,203,117.5
hsa-miR-539-5p,hsa-miR-1197,202,117.5
hsa-miR-758-3p,hsa-miR-409-3p,202,117.5
hsa-miR-409-3p,hsa-miR-758-3p,202,117.5
hsa-miR-1197,hsa-miR-539-5p,202,117.5
hsa-miR-493-3p,hsa-miR-539-5p,201,117.5
hsa-miR-493-3p,hsa-miR-432-5p,201,117.5
hsa-miR-299-3p,hsa-miR-381-3p,201,117.5
hsa-miR-539-5p,hsa-miR-493-3p,201,117.5
hsa-miR-432-5p,hsa-miR-493-3p,201,117.5
hsa-miR-381-3p,hsa-miR-299-3p,201,117.5
hsa-miR-329-3p,hsa-miR-323a-3p,201,117.5
hsa-miR-323a-3p,hsa-miR-329-3p,201,117.5
hsa-miR-541-3p,hsa-miR-758-3p,200,117.5
hsa-miR-410-3p,hsa-miR-541-5p,200,117.5
hsa-miR-758-3p,hsa-miR-541-3p,200,117.5
hsa-miR-541-5p,hsa-miR-410-3p,200,117.5
hsa-miR-299-3p,hsa-miR-665,199,117.5
hsa-miR-433-3p,hsa-miR-541-3p,199,117.5
hsa-miR-433-3p,hsa-miR-654-3p,199,117.5
hsa-miR-668-3p,hsa-miR-431-5p,199,117.5
hsa-miR-431-5p,hsa-miR-668-3p,199,117.5
hsa-miR-431-5p,hsa-miR-541-5p,199,117.5
hsa-miR-654-3p,hsa-miR-433-3p,199,117.5
hsa-miR-541-5p,hsa-miR-431-5p,199,117.5
hsa-miR-665,hsa-miR-299-3p,199,117.5
hsa-miR-541-3p,hsa-miR-433-3p,199,117.5
hsa-miR-485-5p,hsa-miR-377-3p,198,117.5
hsa-miR-377-3p,hsa-miR-485-5p,198,117.5
hsa-miR-134-5p,hsa-miR-323a-3p,198,117.5
hsa-miR-323a-3p,hsa-miR-134-5p,198,117.5
hsa-miR-154-5p,hsa-miR-485-5p,197,117.5
hsa-miR-485-5p,hsa-miR-154-5p,197,117.5
hsa-miR-370-3p,hsa-miR-382-5p,197,117.5
hsa-miR-382-5p,hsa-miR-370-3p,197,117.5
hsa-miR-370-3p,hsa-miR-127-5p,195,117.5
hsa-miR-329-3p,hsa-miR-1197,195,117.5
hsa-miR-127-5p,hsa-miR-370-3p,195,117.5
hsa-miR-1197,hsa-miR-329-3p,195,117.5
hsa-miR-493-3p,hsa-miR-543,194,117.5
hsa-miR-541-5p,hsa-miR-758-3p,194,117.5
hsa-miR-543,hsa-miR-493-3p,194,117.5
hsa-miR-758-3p,hsa-miR-541-5p,194,117.5
hsa-miR-541-3p,hsa-miR-431-5p,192,117.5
hsa-miR-431-5p,hsa-miR-541-3p,192,117.5
hsa-miR-668-3p,hsa-miR-654-5p,191,117.5
hsa-miR-431-5p,hsa-miR-539-5p,191,117.5
hsa-miR-539-5p,hsa-miR-431-5p,191,117.5
hsa-miR-654-5p,hsa-miR-668-3p,191,117.5
hsa-miR-432-5p,hsa-miR-1197,190,117.5
hsa-miR-494-3p,hsa-miR-431-5p,190,117.5
hsa-miR-1197,hsa-miR-432-5p,190,117.5
hsa-miR-431-5p,hsa-miR-494-3p,190,117.5
hsa-miR-409-3p,hsa-miR-127-5p,188,117.5
hsa-miR-493-3p,hsa-miR-758-3p,188,117.5
hsa-miR-539-5p,hsa-miR-410-3p,188,117.5
hsa-miR-410-3p,hsa-miR-539-5p,188,117.5
hsa-miR-127-5p,hsa-miR-409-3p,188,117.5
hsa-miR-758-3p,hsa-miR-493-3p,188,117.5
hsa-miR-543,hsa-miR-154-5p,187,117.5
hsa-miR-382-5p,hsa-miR-409-3p,187,117.5
hsa-miR-409-3p,hsa-miR-382-5p,187,117.5
hsa-miR-154-5p,hsa-miR-543,187,117.5
hsa-miR-493-3p,hsa-miR-541-5p,186,117.5
hsa-miR-433-3p,hsa-miR-544a,186,117.5
hsa-miR-487a-3p,hsa-miR-543,186,117.5
hsa-miR-541-5p,hsa-miR-493-3p,186,117.5
hsa-miR-543,hsa-miR-487a-3p,186,117.5
hsa-miR-544a,hsa-miR-433-3p,186,117.5
hsa-miR-127-5p,hsa-miR-758-3p,186,117.5
hsa-miR-758-3p,hsa-miR-127-5p,186,117.5
hsa-miR-543,hsa-miR-654-3p,184,117.5
hsa-miR-654-3p,hsa-miR-543,184,117.5
hsa-miR-668-3p,hsa-miR-541-3p,181,117.5
hsa-miR-485-3p,hsa-miR-432-5p,181,117.5
hsa-miR-541-3p,hsa-miR-668-3p,181,117.5
hsa-miR-432-5p,hsa-miR-485-3p,181,117.5
hsa-miR-370-3p,hsa-miR-136-5p,180,117.5
hsa-miR-136-5p,hsa-miR-370-3p,180,117.5
hsa-miR-668-3p,hsa-miR-541-5p,180,117.5
hsa-miR-541-5p,hsa-miR-668-3p,180,117.5
hsa-miR-495-3p,hsa-miR-541-3p,178,117.5
hsa-miR-541-3p,hsa-miR-495-3p,178,117.5
hsa-miR-494-3p,hsa-miR-323a-3p,178,117.5
hsa-miR-323a-3p,hsa-miR-494-3p,178,117.5
hsa-miR-654-5p,hsa-miR-494-3p,177,117.5
hsa-miR-494-3p,hsa-miR-654-5p,177,117.5
hsa-miR-493-5p,hsa-miR-380-3p,177,117.5
hsa-miR-380-3p,hsa-miR-493-5p,177,117.5
hsa-miR-485-3p,hsa-miR-377-3p,176,117.5
hsa-miR-377-3p,hsa-miR-485-3p,176,117.5
hsa-miR-370-3p,hsa-miR-377-3p,175,117.5
hsa-miR-377-3p,hsa-miR-370-3p,175,117.5
hsa-miR-382-5p,hsa-miR-433-3p,175,117.5
hsa-miR-433-3p,hsa-miR-382-5p,175,117.5
hsa-miR-154-5p,hsa-miR-541-5p,175,117.5
hsa-miR-541-5p,hsa-miR-154-5p,175,117.5
hsa-miR-541-5p,hsa-miR-323a-3p,174,117.5
hsa-miR-323a-3p,hsa-miR-541-5p,174,117.5
hsa-miR-495-3p,hsa-miR-431-5p,173,117.5
hsa-miR-539-5p,hsa-miR-127-5p,173,117.5
hsa-miR-127-5p,hsa-miR-539-5p,173,117.5
hsa-miR-431-5p,hsa-miR-495-3p,173,117.5
hsa-miR-433-3p,hsa-miR-431-5p,172,117.5
hsa-miR-431-5p,hsa-miR-433-3p,172,117.5
hsa-miR-432-5p,hsa-miR-494-3p,172,117.5
hsa-miR-494-3p,hsa-miR-432-5p,172,117.5
hsa-miR-495-3p,hsa-miR-432-5p,171,117.5
hsa-miR-370-3p,hsa-miR-323a-3p,171,117.5
hsa-miR-432-5p,hsa-miR-495-3p,171,117.5
hsa-miR-323a-3p,hsa-miR-370-3p,171,117.5
hsa-miR-370-3p,hsa-miR-770-5p,170,117.5
hsa-miR-770-5p,hsa-miR-370-3p,170,117.5
hsa-miR-495-3p,hsa-miR-382-5p,169,117.5
hsa-miR-382-5p,hsa-miR-495-3p,169,117.5
hsa-miR-495-3p,hsa-miR-1197,168,117.5
hsa-miR-495-3p,hsa-miR-154-5p,168,117.5
hsa-miR-539-5p,hsa-miR-541-3p,168,117.5
hsa-miR-541-3p,hsa-miR-539-5p,168,117.5
hsa-miR-1197,hsa-miR-495-3p,168,117.5
hsa-miR-154-5p,hsa-miR-495-3p,168,117.5
hsa-miR-409-3p,hsa-miR-323a-3p,167,117.5
hsa-miR-323a-3p,hsa-miR-409-3p,167,117.5
hsa-miR-329-3p,hsa-miR-127-5p,166,117.5
hsa-miR-127-5p,hsa-miR-329-3p,166,117.5
hsa-miR-136-5p,hsa-miR-654-3p,166,117.5
hsa-miR-770-5p,hsa-miR-541-5p,166,117.5
hsa-miR-654-3p,hsa-miR-136-5p,166,117.5
hsa-miR-541-5p,hsa-miR-770-5p,166,117.5
hsa-miR-770-5p,hsa-miR-543,165,117.5
hsa-miR-543,hsa-miR-770-5p,165,117.5
hsa-miR-410-3p,hsa-miR-134-5p,165,117.5
hsa-miR-134-5p,hsa-miR-410-3p,165,117.5
hsa-miR-495-3p,hsa-miR-323a-3p,164,117.5
hsa-miR-539-5p,hsa-miR-154-5p,164,117.5
hsa-miR-543,hsa-miR-1197,164,117.5
hsa-miR-654-5p,hsa-miR-382-5p,164,117.5
hsa-miR-382-5p,hsa-miR-654-5p,164,117.5
hsa-miR-323a-3p,hsa-miR-495-3p,164,117.5
hsa-miR-1197,hsa-miR-543,164,117.5
hsa-miR-154-5p,hsa-miR-539-5p,164,117.5
hsa-miR-136-5p,hsa-miR-493-3p,163,117.5
hsa-miR-493-3p,hsa-miR-136-5p,163,117.5
hsa-miR-668-3p,hsa-miR-494-3p,163,117.5
hsa-miR-485-3p,hsa-miR-323a-3p,163,117.5
hsa-miR-654-5p,hsa-miR-758-3p,163,117.5
hsa-miR-494-3p,hsa-miR-758-3p,163,117.5
hsa-miR-494-3p,hsa-miR-668-3p,163,117.5
hsa-miR-758-3p,hsa-miR-654-5p,163,117.5
hsa-miR-758-3p,hsa-miR-494-3p,163,117.5
hsa-miR-323a-3p,hsa-miR-485-3p,163,117.5
hsa-miR-432-5p,hsa-miR-134-5p,162,117.5
hsa-miR-134-5p,hsa-miR-432-5p,162,117.5
hsa-miR-127-5p,hsa-miR-770-5p,162,117.5
hsa-miR-433-3p,hsa-miR-668-3p,162,117.5
hsa-miR-668-3p,hsa-miR-433-3p,162,117.5
hsa-miR-770-5p,hsa-miR-127-5p,162,117.5
hsa-miR-493-3p,hsa-miR-494-3p,161,117.5
hsa-miR-485-3p,hsa-miR-382-5p,161,117.5
hsa-miR-494-3p,hsa-miR-493-3p,161,117.5
hsa-miR-382-5p,hsa-miR-485-3p,161,117.5
hsa-miR-541-3p,hsa-miR-485-3p,160,117.5
hsa-miR-329-3p,hsa-miR-299-3p,160,117.5
hsa-miR-127-5p,hsa-miR-136-5p,160,117.5
hsa-miR-758-3p,hsa-miR-154-5p,160,117.5
hsa-miR-323a-3p,hsa-miR-433-3p,160,117.5
hsa-miR-136-5p,hsa-miR-127-5p,160,117.5
hsa-miR-299-3p,hsa-miR-329-3p,160,117.5
hsa-miR-433-3p,hsa-miR-323a-3p,160,117.5
hsa-miR-154-5p,hsa-miR-758-3p,160,117.5
hsa-miR-485-3p,hsa-miR-541-3p,160,117.5
hsa-miR-770-5p,hsa-miR-329-3p,158,117.5
hsa-miR-485-3p,hsa-miR-544a,158,117.5
hsa-miR-495-3p,hsa-miR-494-3p,158,117.5
hsa-miR-544a,hsa-miR-485-3p,158,117.5
hsa-miR-329-3p,hsa-miR-770-5p,158,117.5
hsa-miR-494-3p,hsa-miR-495-3p,158,117.5
hsa-miR-493-3p,hsa-miR-654-3p,157,117.5
hsa-miR-654-3p,hsa-miR-493-3p,157,117.5
hsa-miR-485-3p,hsa-miR-496,157,117.5
hsa-miR-496,hsa-miR-485-3p,157,117.5
hsa-miR-299-3p,hsa-miR-485-5p,156,117.5
hsa-miR-770-5p,hsa-miR-485-3p,156,117.5
hsa-miR-485-3p,hsa-miR-770-5p,156,117.5
hsa-miR-495-3p,hsa-miR-410-3p,156,117.5
hsa-miR-485-5p,hsa-miR-299-3p,156,117.5
hsa-miR-539-5p,hsa-miR-323a-3p,156,117.5
hsa-miR-410-3p,hsa-miR-495-3p,156,117.5
hsa-miR-323a-3p,hsa-miR-539-5p,156,117.5
hsa-miR-539-5p,hsa-miR-654-5p,155,117.5
hsa-miR-543,hsa-miR-376c-3p,155,117.5
hsa-miR-654-5p,hsa-miR-539-5p,155,117.5
hsa-miR-410-3p,hsa-miR-758-3p,155,117.5
hsa-miR-382-5p,hsa-miR-758-3p,155,117.5
hsa-miR-758-3p,hsa-miR-410-3p,155,117.5
hsa-miR-758-3p,hsa-miR-382-5p,155,117.5
hsa-miR-376c-3p,hsa-miR-543,155,117.5
hsa-miR-299-3p,hsa-miR-539-5p,154,117.5
hsa-miR-539-5p,hsa-miR-299-3p,154,117.5
hsa-miR-495-3p,hsa-miR-654-5p,153,117.5
hsa-miR-654-5p,hsa-miR-495-3p,153,117.5
hsa-miR-541-3p,hsa-miR-136-5p,153,117.5
hsa-miR-541-3p,hsa-miR-493-3p,153,117.5
hsa-miR-382-5p,hsa-miR-541-5p,153,117.5
hsa-miR-136-5p,hsa-miR-541-3p,153,117.5
hsa-miR-493-3p,hsa-miR-541-3p,153,117.5
hsa-miR-541-5p,hsa-miR-382-5p,153,117.5
hsa-miR-493-3p,hsa-miR-668-3p,152,117.5
hsa-miR-668-3p,hsa-miR-493-3p,152,117.5
hsa-miR-1197,hsa-miR-541-5p,152,117.5
hsa-miR-431-5p,hsa-miR-654-5p,152,117.5
hsa-miR-485-3p,hsa-miR-654-5p,152,117.5
hsa-miR-541-5p,hsa-miR-1197,152,117.5
hsa-miR-654-5p,hsa-miR-431-5p,152,117.5
hsa-miR-654-5p,hsa-miR-485-3p,152,117.5
hsa-miR-544a,hsa-miR-134-5p,152,117.5
hsa-miR-134-5p,hsa-miR-544a,152,117.5
hsa-miR-370-3p,hsa-miR-154-5p,151,117.5
hsa-miR-432-5p,hsa-miR-770-5p,151,117.5
hsa-miR-770-5p,hsa-miR-432-5p,151,117.5
hsa-miR-154-5p,hsa-miR-370-3p,151,117.5
hsa-miR-136-5p,hsa-miR-758-3p,150,117.5
hsa-miR-758-3p,hsa-miR-136-5p,150,117.5
hsa-miR-541-3p,hsa-miR-770-5p,149,117.5
hsa-miR-134-5p,hsa-miR-299-3p,149,117.5
hsa-miR-134-5p,hsa-miR-496,149,117.5
hsa-miR-323a-3p,hsa-miR-136-5p,149,117.5
hsa-miR-409-3p,hsa-miR-1197,149,117.5
hsa-miR-136-5p,hsa-miR-323a-3p,149,117.5
hsa-miR-299-3p,hsa-miR-134-5p,149,117.5
hsa-miR-1197,hsa-miR-409-3p,149,117.5
hsa-miR-770-5p,hsa-miR-541-3p,149,117.5
hsa-miR-496,hsa-miR-134-5p,149,117.5
hsa-miR-770-5p,hsa-miR-485-5p,148,117.5
hsa-miR-431-5p,hsa-miR-134-5p,148,117.5
hsa-miR-485-5p,hsa-miR-770-5p,148,117.5
hsa-miR-410-3p,hsa-miR-127-5p,148,117.5
hsa-miR-134-5p,hsa-miR-431-5p,148,117.5
hsa-miR-127-5p,hsa-miR-410-3p,148,117.5
hsa-miR-377-3p,hsa-miR-329-3p,147,117.5
hsa-miR-329-3p,hsa-miR-377-3p,147,117.5
hsa-miR-654-5p,hsa-miR-770-5p,146,117.5
hsa-miR-432-5p,hsa-miR-409-3p,146,117.5
hsa-miR-494-3p,hsa-miR-136-5p,146,117.5
hsa-miR-409-3p,hsa-miR-432-5p,146,117.5
hsa-miR-136-5p,hsa-miR-494-3p,146,117.5
hsa-miR-493-3p,hsa-miR-485-3p,146,117.5
hsa-miR-770-5p,hsa-miR-654-5p,146,117.5
hsa-miR-485-3p,hsa-miR-493-3p,146,117.5
hsa-miR-409-3p,hsa-miR-431-5p,145,117.5
hsa-miR-136-5p,hsa-miR-410-3p,145,117.5
hsa-miR-299-3p,hsa-miR-485-3p,145,117.5
hsa-miR-431-5p,hsa-miR-409-3p,145,117.5
hsa-miR-485-3p,hsa-miR-299-3p,145,117.5
hsa-miR-410-3p,hsa-miR-136-5p,145,117.5
hsa-miR-485-5p,hsa-miR-496,144,117.5
hsa-miR-539-5p,hsa-miR-544a,144,117.5
hsa-miR-654-5p,hsa-miR-136-5p,144,117.5
hsa-miR-544a,hsa-miR-539-5p,144,117.5
hsa-miR-494-3p,hsa-miR-409-3p,144,117.5
hsa-miR-134-5p,hsa-miR-382-5p,144,117.5
hsa-miR-382-5p,hsa-miR-134-5p,144,117.5
hsa-miR-409-3p,hsa-miR-494-3p,144,117.5
hsa-miR-136-5p,hsa-miR-654-5p,144,117.5
hsa-miR-496,hsa-miR-485-5p,144,117.5
hsa-miR-493-3p,hsa-miR-410-3p,143,117.5
hsa-miR-496,hsa-miR-381-3p,143,117.5
hsa-miR-381-3p,hsa-miR-496,143,117.5
hsa-miR-410-3p,hsa-miR-493-3p,143,117.5
hsa-miR-758-3p,hsa-miR-654-3p,142,117.5
hsa-miR-654-3p,hsa-miR-758-3p,142,117.5
hsa-miR-1197,hsa-miR-770-5p,140,117.5
hsa-miR-770-5p,hsa-miR-1197,140,117.5
hsa-miR-376c-3p,hsa-miR-381-3p,140,117.5
hsa-miR-381-3p,hsa-miR-376c-3p,140,117.5
hsa-miR-495-3p,hsa-miR-487a-3p,139,117.5
hsa-miR-381-3p,hsa-miR-655-3p,139,117.5
hsa-miR-655-3p,hsa-miR-381-3p,139,117.5
hsa-miR-487a-3p,hsa-miR-495-3p,139,117.5
hsa-miR-433-3p,hsa-miR-654-5p,137,117.5
hsa-miR-487a-3p,hsa-miR-370-3p,137,117.5
hsa-miR-654-5p,hsa-miR-433-3p,137,117.5
hsa-miR-370-3p,hsa-miR-487a-3p,137,117.5
hsa-miR-494-3p,hsa-miR-382-5p,137,117.5
hsa-miR-382-5p,hsa-miR-494-3p,137,117.5
hsa-miR-410-3p,hsa-miR-494-3p,136,117.5
hsa-miR-494-3p,hsa-miR-410-3p,136,117.5
hsa-miR-323a-3p,hsa-miR-668-3p,136,117.5
hsa-miR-433-3p,hsa-miR-380-3p,136,117.5
hsa-miR-380-3p,hsa-miR-433-3p,136,117.5
hsa-miR-668-3p,hsa-miR-323a-3p,136,117.5
hsa-miR-770-5p,hsa-miR-154-5p,136,117.5
hsa-miR-154-5p,hsa-miR-770-5p,136,117.5
hsa-miR-431-5p,hsa-miR-127-5p,135,117.5
hsa-miR-154-5p,hsa-miR-382-5p,135,117.5
hsa-miR-127-5p,hsa-miR-431-5p,135,117.5
hsa-miR-382-5p,hsa-miR-154-5p,135,117.5
hsa-miR-539-5p,hsa-miR-668-3p,134,117.5
hsa-miR-377-3p,hsa-miR-410-3p,134,117.5
hsa-miR-410-3p,hsa-miR-377-3p,134,117.5
hsa-miR-410-3p,hsa-miR-382-5p,134,117.5
hsa-miR-134-5p,hsa-miR-127-5p,134,117.5
hsa-miR-127-5p,hsa-miR-134-5p,134,117.5
hsa-miR-127-5p,hsa-miR-668-3p,134,117.5
hsa-miR-127-5p,hsa-miR-1197,134,117.5
hsa-miR-382-5p,hsa-miR-410-3p,134,117.5
hsa-miR-668-3p,hsa-miR-539-5p,134,117.5
hsa-miR-668-3p,hsa-miR-127-5p,134,117.5
hsa-miR-1197,hsa-miR-127-5p,134,117.5
hsa-miR-493-3p,hsa-miR-1197,133,117.5
hsa-miR-1197,hsa-miR-493-3p,133,117.5
hsa-miR-758-3p,hsa-miR-323a-3p,133,117.5
hsa-miR-323a-3p,hsa-miR-758-3p,133,117.5
hsa-miR-539-5p,hsa-miR-377-3p,132,117.5
hsa-miR-541-3p,hsa-miR-299-3p,132,117.5
hsa-miR-377-3p,hsa-miR-539-5p,132,117.5
hsa-miR-377-3p,hsa-miR-431-5p,132,117.5
hsa-miR-494-3p,hsa-miR-134-5p,132,117.5
hsa-miR-134-5p,hsa-miR-494-3p,132,117.5
hsa-miR-299-3p,hsa-miR-541-3p,132,117.5
hsa-miR-668-3p,hsa-miR-154-5p,132,117.5
hsa-miR-431-5p,hsa-miR-377-3p,132,117.5
hsa-miR-154-5p,hsa-miR-668-3p,132,117.5
hsa-miR-136-5p,hsa-miR-770-5p,131,117.5
hsa-miR-668-3p,hsa-miR-134-5p,131,117.5
hsa-miR-770-5p,hsa-miR-136-5p,131,117.5
hsa-miR-654-3p,hsa-miR-432-5p,131,117.5
hsa-miR-432-5p,hsa-miR-654-3p,131,117.5
hsa-miR-134-5p,hsa-miR-668-3p,131,117.5
hsa-miR-495-3p,hsa-miR-544a,130,117.5
hsa-miR-544a,hsa-miR-495-3p,130,117.5
hsa-miR-433-3p,hsa-miR-487a-3p,130,117.5
hsa-miR-668-3p,hsa-miR-485-3p,130,117.5
hsa-miR-485-3p,hsa-miR-668-3p,130,117.5
hsa-miR-487a-3p,hsa-miR-433-3p,130,117.5
hsa-miR-1197,hsa-miR-544a,129,117.5
hsa-miR-431-5p,hsa-miR-323a-3p,129,117.5
hsa-miR-376b-3p,hsa-miR-485-5p,129,117.5
hsa-miR-487a-3p,hsa-miR-485-5p,129,117.5
hsa-miR-485-5p,hsa-miR-487a-3p,129,117.5
hsa-miR-485-5p,hsa-miR-376b-3p,129,117.5
hsa-miR-544a,hsa-miR-1197,129,117.5
hsa-miR-323a-3p,hsa-miR-431-5p,129,117.5
hsa-miR-543,hsa-miR-299-3p,128,117.5
hsa-miR-432-5p,hsa-miR-323a-3p,128,117.5
hsa-miR-323a-3p,hsa-miR-432-5p,128,117.5
hsa-miR-299-3p,hsa-miR-543,128,117.5
hsa-miR-323a-3p,hsa-miR-1197,127,117.5
hsa-miR-1197,hsa-miR-323a-3p,127,117.5
hsa-miR-544a,hsa-miR-329-3p,127,117.5
hsa-miR-329-3p,hsa-miR-544a,127,117.5
hsa-miR-410-3p,hsa-miR-654-3p,126,117.5
hsa-miR-654-3p,hsa-miR-410-3p,126,117.5
hsa-miR-493-3p,hsa-miR-299-3p,125,117.5
hsa-miR-493-3p,hsa-miR-487a-3p,125,117.5
hsa-miR-299-3p,hsa-miR-493-3p,125,117.5
hsa-miR-1197,hsa-miR-431-5p,125,117.5
hsa-miR-431-5p,hsa-miR-1197,125,117.5
hsa-miR-487a-3p,hsa-miR-493-3p,125,117.5
hsa-miR-487a-3p,hsa-miR-377-3p,125,117.5
hsa-miR-377-3p,hsa-miR-487a-3p,125,117.5
hsa-miR-329-3p,hsa-miR-668-3p,124,117.5
hsa-miR-493-5p,hsa-miR-376b-3p,124,117.5
hsa-miR-409-3p,hsa-miR-154-5p,124,117.5
hsa-miR-668-3p,hsa-miR-329-3p,124,117.5
hsa-miR-1197,hsa-miR-154-5p,124,117.5
hsa-miR-376b-3p,hsa-miR-493-5p,124,117.5
hsa-miR-154-5p,hsa-miR-409-3p,124,117.5
hsa-miR-154-5p,hsa-miR-1197,124,117.5
hsa-miR-493-3p,hsa-miR-377-3p,123,117.5
hsa-miR-299-3p,hsa-miR-432-5p,123,117.5
hsa-miR-668-3p,hsa-miR-758-3p,123,117.5
hsa-miR-154-5p,hsa-miR-329-3p,123,117.5
hsa-miR-496,hsa-miR-758-3p,123,117.5
hsa-miR-432-5p,hsa-miR-299-3p,123,117.5
hsa-miR-377-3p,hsa-miR-493-3p,123,117.5
hsa-miR-329-3p,hsa-miR-154-5p,123,117.5
hsa-miR-758-3p,hsa-miR-668-3p,123,117.5
hsa-miR-758-3p,hsa-miR-496,123,117.5
hsa-miR-654-5p,hsa-miR-299-3p,122,117.5
hsa-miR-432-5p,hsa-miR-376c-3p,122,117.5
hsa-miR-134-5p,hsa-miR-380-3p,122,117.5
hsa-miR-382-5p,hsa-miR-668-3p,122,117.5
hsa-miR-299-3p,hsa-miR-654-5p,122,117.5
hsa-miR-380-3p,hsa-miR-134-5p,122,117.5
hsa-miR-668-3p,hsa-miR-382-5p,122,117.5
hsa-miR-376c-3p,hsa-miR-432-5p,122,117.5
hsa-miR-493-3p,hsa-miR-654-5p,121,117.5
hsa-miR-1197,hsa-miR-758-3p,121,117.5
hsa-miR-654-5p,hsa-miR-493-3p,121,117.5
hsa-miR-758-3p,hsa-miR-1197,121,117.5
hsa-miR-495-3p,hsa-miR-770-5p,120,117.5
hsa-miR-323a-3p,hsa-miR-154-5p,120,117.5
hsa-miR-493-3p,hsa-miR-154-5p,120,117.5
hsa-miR-770-5p,hsa-miR-495-3p,120,117.5
hsa-miR-154-5p,hsa-miR-323a-3p,120,117.5
hsa-miR-154-5p,hsa-miR-493-3p,120,117.5
hsa-miR-433-3p,hsa-miR-376c-3p,119,117.5
hsa-miR-770-5p,hsa-miR-134-5p,119,117.5
hsa-miR-376b-3p,hsa-miR-381-3p,119,117.5
hsa-miR-376c-3p,hsa-miR-433-3p,119,117.5
hsa-miR-381-3p,hsa-miR-376b-3p,119,117.5
hsa-miR-134-5p,hsa-miR-770-5p,119,117.5
hsa-miR-382-5p,hsa-miR-323a-3p,119,117.5
hsa-miR-323a-3p,hsa-miR-382-5p,119,117.5
hsa-miR-495-3p,hsa-miR-668-3p,118,117.5
hsa-miR-485-5p,hsa-miR-380-3p,118,117.5
hsa-miR-485-5p,hsa-miR-376c-3p,118,117.5
hsa-miR-493-5p,hsa-miR-376a-3p,118,117.5
hsa-miR-758-3p,hsa-miR-770-5p,118,117.5
hsa-miR-136-5p,hsa-miR-431-5p,118,117.5
hsa-miR-380-3p,hsa-miR-485-5p,118,117.5
hsa-miR-668-3p,hsa-miR-495-3p,118,117.5
hsa-miR-770-5p,hsa-miR-758-3p,118,117.5
hsa-miR-431-5p,hsa-miR-136-5p,118,117.5
hsa-miR-376c-3p,hsa-miR-485-5p,118,117.5
hsa-miR-376c-3p,hsa-miR-541-5p,118,117.5
hsa-miR-541-5p,hsa-miR-376c-3p,118,117.5
hsa-miR-376a-3p,hsa-miR-493-5p,118,117.5
hsa-miR-668-3p,hsa-miR-1197,117,117.5
hsa-miR-1197,hsa-miR-410-3p,117,117.5
hsa-miR-1197,hsa-miR-668-3p,117,117.5
hsa-miR-496,hsa-miR-539-5p,117,117.5
hsa-miR-539-5p,hsa-miR-496,117,117.5
hsa-miR-410-3p,hsa-miR-1197,117,117.5
hsa-miR-544a,hsa-miR-409-3p,116,117.5
hsa-miR-409-3p,hsa-miR-544a,116,117.5
hsa-miR-433-3p,hsa-miR-154-5p,116,117.5
hsa-miR-154-5p,hsa-miR-433-3p,116,117.5
hsa-miR-409-3p,hsa-miR-299-3p,115,117.5
hsa-miR-299-3p,hsa-miR-409-3p,115,117.5
hsa-miR-154-5p,hsa-miR-410-3p,114,117.5
hsa-miR-496,hsa-miR-543,114,117.5
hsa-miR-495-3p,hsa-miR-377-3p,114,117.5
hsa-miR-543,hsa-miR-496,114,117.5
hsa-miR-377-3p,hsa-miR-495-3p,114,117.5
hsa-miR-410-3p,hsa-miR-154-5p,114,117.5
hsa-miR-409-3p,hsa-miR-493-3p,113,117.5
hsa-miR-136-5p,hsa-miR-1197,113,117.5
hsa-miR-493-3p,hsa-miR-409-3p,113,117.5
hsa-miR-1197,hsa-miR-136-5p,113,117.5
hsa-miR-493-3p,hsa-miR-323a-3p,112,117.5
hsa-miR-299-3p,hsa-miR-495-3p,112,117.5
hsa-miR-299-3p,hsa-miR-154-5p,112,117.5
hsa-miR-380-3p,hsa-miR-539-5p,112,117.5
hsa-miR-154-5p,hsa-miR-299-3p,112,117.5
hsa-miR-487a-3p,hsa-miR-329-3p,112,117.5
hsa-miR-495-3p,hsa-miR-299-3p,112,117.5
hsa-miR-539-5p,hsa-miR-380-3p,112,117.5
hsa-miR-541-3p,hsa-miR-127-5p,112,117.5
hsa-miR-329-3p,hsa-miR-487a-3p,112,117.5
hsa-miR-127-5p,hsa-miR-541-3p,112,117.5
hsa-miR-323a-3p,hsa-miR-493-3p,112,117.5
hsa-miR-544a,hsa-miR-136-5p,111,117.5
hsa-miR-758-3p,hsa-miR-431-5p,111,117.5
hsa-miR-136-5p,hsa-miR-544a,111,117.5
hsa-miR-299-3p,hsa-miR-1197,111,117.5
hsa-miR-1197,hsa-miR-299-3p,111,117.5
hsa-miR-431-5p,hsa-miR-758-3p,111,117.5
hsa-miR-431-5p,hsa-miR-154-5p,109,117.5
hsa-miR-376c-3p,hsa-miR-329-3p,109,117.5
hsa-miR-154-5p,hsa-miR-431-5p,109,117.5
hsa-miR-329-3p,hsa-miR-376c-3p,109,117.5
hsa-miR-654-5p,hsa-miR-127-5p,108,117.5
hsa-miR-127-5p,hsa-miR-654-5p,108,117.5
hsa-miR-544a,hsa-miR-541-5p,107,117.5
hsa-miR-758-3p,hsa-miR-380-3p,107,117.5
hsa-miR-433-3p,hsa-miR-496,107,117.5
hsa-miR-380-3p,hsa-miR-758-3p,107,117.5
hsa-miR-541-5p,hsa-miR-544a,107,117.5
hsa-miR-496,hsa-miR-433-3p,107,117.5
hsa-miR-299-3p,hsa-miR-541-5p,106,117.5
hsa-miR-380-3p,hsa-miR-543,106,117.5
hsa-miR-654-3p,hsa-miR-485-3p,106,117.5
hsa-miR-485-3p,hsa-miR-654-3p,106,117.5
hsa-miR-541-5p,hsa-miR-299-3p,106,117.5
hsa-miR-543,hsa-miR-380-3p,106,117.5
hsa-miR-410-3p,hsa-miR-323a-3p,106,117.5
hsa-miR-323a-3p,hsa-miR-410-3p,106,117.5
hsa-miR-544a,hsa-miR-758-3p,105,117.5
hsa-miR-381-3p,hsa-miR-376a-3p,105,117.5
hsa-miR-494-3p,hsa-miR-154-5p,105,117.5
hsa-miR-758-3p,hsa-miR-544a,105,117.5
hsa-miR-409-3p,hsa-miR-668-3p,105,117.5
hsa-miR-136-5p,hsa-miR-668-3p,105,117.5
hsa-miR-668-3p,hsa-miR-409-3p,105,117.5
hsa-miR-668-3p,hsa-miR-136-5p,105,117.5
hsa-miR-654-3p,hsa-miR-154-5p,105,117.5
hsa-miR-154-5p,hsa-miR-494-3p,105,117.5
hsa-miR-154-5p,hsa-miR-654-3p,105,117.5
hsa-miR-376a-3p,hsa-miR-381-3p,105,117.5
hsa-miR-136-5p,hsa-miR-382-5p,103,117.5
hsa-miR-770-5p,hsa-miR-539-5p,103,117.5
hsa-miR-539-5p,hsa-miR-770-5p,103,117.5
hsa-miR-382-5p,hsa-miR-136-5p,103,117.5
hsa-miR-410-3p,hsa-miR-770-5p,102,117.5
hsa-miR-410-3p,hsa-miR-431-5p,102,117.5
hsa-miR-323a-3p,hsa-miR-376c-3p,102,117.5
hsa-miR-409-3p,hsa-miR-770-5p,102,117.5
hsa-miR-409-3p,hsa-miR-136-5p,102,117.5
hsa-miR-136-5p,hsa-miR-409-3p,102,117.5
hsa-miR-770-5p,hsa-miR-410-3p,102,117.5
hsa-miR-770-5p,hsa-miR-409-3p,102,117.5
hsa-miR-431-5p,hsa-miR-410-3p,102,117.5
hsa-miR-376c-3p,hsa-miR-323a-3p,102,117.5
hsa-miR-136-5p,hsa-miR-376c-3p,101,117.5
hsa-miR-380-3p,hsa-miR-1197,101,117.5
hsa-miR-1197,hsa-miR-380-3p,101,117.5
hsa-miR-654-3p,hsa-miR-495-3p,101,117.5
hsa-miR-376c-3p,hsa-miR-136-5p,101,117.5
hsa-miR-154-5p,hsa-miR-127-5p,101,117.5
hsa-miR-495-3p,hsa-miR-654-3p,101,117.5
hsa-miR-127-5p,hsa-miR-154-5p,101,117.5
hsa-miR-377-3p,hsa-miR-1197,100,117.5
hsa-miR-494-3p,hsa-miR-770-5p,100,117.5
hsa-miR-1197,hsa-miR-377-3p,100,117.5
hsa-miR-770-5p,hsa-miR-494-3p,100,117.5
hsa-miR-409-3p,hsa-miR-487a-3p,99,117.5
hsa-miR-654-3p,hsa-miR-323a-3p,99,117.5
hsa-miR-654-3p,hsa-miR-541-5p,99,117.5
hsa-miR-487a-3p,hsa-miR-758-3p,99,117.5
hsa-miR-487a-3p,hsa-miR-409-3p,99,117.5
hsa-miR-541-5p,hsa-miR-654-3p,99,117.5
hsa-miR-758-3p,hsa-miR-487a-3p,99,117.5
hsa-miR-323a-3p,hsa-miR-654-3p,99,117.5
hsa-miR-539-5p,hsa-miR-487a-3p,98,117.5
hsa-miR-432-5p,hsa-miR-410-3p,98,117.5
hsa-miR-432-5p,hsa-miR-382-5p,98,117.5
hsa-miR-410-3p,hsa-miR-432-5p,98,117.5
hsa-miR-410-3p,hsa-miR-668-3p,98,117.5
hsa-miR-127-5p,hsa-miR-493-3p,98,117.5
hsa-miR-382-5p,hsa-miR-432-5p,98,117.5
hsa-miR-136-5p,hsa-miR-154-5p,98,117.5
hsa-miR-493-3p,hsa-miR-127-5p,98,117.5
hsa-miR-668-3p,hsa-miR-410-3p,98,117.5
hsa-miR-154-5p,hsa-miR-136-5p,98,117.5
hsa-miR-487a-3p,hsa-miR-539-5p,98,117.5
hsa-miR-1197,hsa-miR-382-5p,97,117.5
hsa-miR-431-5p,hsa-miR-329-3p,97,117.5
hsa-miR-487a-3p,hsa-miR-665,97,117.5
hsa-miR-487a-3p,hsa-miR-323a-3p,97,117.5
hsa-miR-665,hsa-miR-487a-3p,97,117.5
hsa-miR-329-3p,hsa-miR-431-5p,97,117.5
hsa-miR-382-5p,hsa-miR-1197,97,117.5
hsa-miR-323a-3p,hsa-miR-487a-3p,97,117.5
hsa-miR-654-5p,hsa-miR-544a,96,117.5
hsa-miR-544a,hsa-miR-654-5p,96,117.5
hsa-miR-544a,hsa-miR-410-3p,96,117.5
hsa-miR-377-3p,hsa-miR-323a-3p,96,117.5
hsa-miR-410-3p,hsa-miR-544a,96,117.5
hsa-miR-382-5p,hsa-miR-431-5p,96,117.5
hsa-miR-323a-3p,hsa-miR-377-3p,96,117.5
hsa-miR-431-5p,hsa-miR-382-5p,96,117.5
hsa-miR-409-3p,hsa-miR-377-3p,95,117.5
hsa-miR-409-3p,hsa-miR-376c-3p,95,117.5
hsa-miR-376c-3p,hsa-miR-409-3p,95,117.5
hsa-miR-377-3p,hsa-miR-409-3p,95,117.5
hsa-miR-541-3p,hsa-miR-654-3p,94,117.5
hsa-miR-381-3p,hsa-miR-656-3p,94,117.5
hsa-miR-656-3p,hsa-miR-381-3p,94,117.5
hsa-miR-136-5p,hsa-miR-487a-3p,94,117.5
hsa-miR-654-3p,hsa-miR-541-3p,94,117.5
hsa-miR-487a-3p,hsa-miR-136-5p,94,117.5
hsa-miR-409-3p,hsa-miR-654-3p,93,117.5
hsa-miR-299-3p,hsa-miR-410-3p,93,117.5
hsa-miR-654-3p,hsa-miR-409-3p,93,117.5
hsa-miR-496,hsa-miR-665,93,117.5
hsa-miR-665,hsa-miR-496,93,117.5
hsa-miR-541-3p,hsa-miR-410-3p,93,117.5
hsa-miR-410-3p,hsa-miR-541-3p,93,117.5
hsa-miR-410-3p,hsa-miR-299-3p,93,117.5
hsa-miR-654-5p,hsa-miR-409-3p,92,117.5
hsa-miR-544a,hsa-miR-432-5p,92,117.5
hsa-miR-432-5p,hsa-miR-544a,92,117.5
hsa-miR-432-5p,hsa-miR-377-3p,92,117.5
hsa-miR-377-3p,hsa-miR-432-5p,92,117.5
hsa-miR-377-3p,hsa-miR-541-5p,92,117.5
hsa-miR-409-3p,hsa-miR-654-5p,92,117.5
hsa-miR-433-3p,hsa-miR-770-5p,92,117.5
hsa-miR-770-5p,hsa-miR-433-3p,92,117.5
hsa-miR-654-3p,hsa-miR-496,92,117.5
hsa-miR-541-5p,hsa-miR-377-3p,92,117.5
hsa-miR-496,hsa-miR-654-3p,92,117.5
hsa-miR-770-5p,hsa-miR-382-5p,91,117.5
hsa-miR-493-5p,hsa-miR-369-3p,91,117.5
hsa-miR-382-5p,hsa-miR-770-5p,91,117.5
hsa-miR-369-3p,hsa-miR-493-5p,91,117.5
hsa-miR-539-5p,hsa-miR-376c-3p,90,117.5
hsa-miR-370-3p,hsa-miR-496,90,117.5
hsa-miR-541-3p,hsa-miR-377-3p,90,117.5
hsa-miR-377-3p,hsa-miR-541-3p,90,117.5
hsa-miR-377-3p,hsa-miR-758-3p,90,117.5
hsa-miR-377-3p,hsa-miR-433-3p,90,117.5
hsa-miR-758-3p,hsa-miR-377-3p,90,117.5
hsa-miR-433-3p,hsa-miR-377-3p,90,117.5
hsa-miR-1197,hsa-miR-654-3p,90,117.5
hsa-miR-654-3p,hsa-miR-1197,90,117.5
hsa-miR-376c-3p,hsa-miR-539-5p,90,117.5
hsa-miR-485-3p,hsa-miR-376a-3p,90,117.5
hsa-miR-376a-3p,hsa-miR-485-3p,90,117.5
hsa-miR-496,hsa-miR-370-3p,90,117.5
hsa-miR-380-3p,hsa-miR-495-3p,89,117.5
hsa-miR-380-3p,hsa-miR-485-3p,89,117.5
hsa-miR-431-5p,hsa-miR-654-3p,89,117.5
hsa-miR-654-3p,hsa-miR-431-5p,89,117.5
hsa-miR-376c-3p,hsa-miR-370-3p,89,117.5
hsa-miR-485-3p,hsa-miR-380-3p,89,117.5
hsa-miR-495-3p,hsa-miR-380-3p,89,117.5
hsa-miR-370-3p,hsa-miR-376c-3p,89,117.5
hsa-miR-544a,hsa-miR-541-3p,89,117.5
hsa-miR-544a,hsa-miR-382-5p,89,117.5
hsa-miR-541-3p,hsa-miR-544a,89,117.5
hsa-miR-655-3p,hsa-miR-493-5p,89,117.5
hsa-miR-493-5p,hsa-miR-655-3p,89,117.5
hsa-miR-382-5p,hsa-miR-544a,89,117.5
hsa-miR-377-3p,hsa-miR-136-5p,88,117.5
hsa-miR-136-5p,hsa-miR-377-3p,88,117.5
hsa-miR-136-5p,hsa-miR-299-3p,88,117.5
hsa-miR-299-3p,hsa-miR-136-5p,88,117.5
hsa-miR-376b-3p,hsa-miR-485-3p,88,117.5
hsa-miR-485-3p,hsa-miR-376b-3p,88,117.5
hsa-miR-323a-3p,hsa-miR-299-3p,87,117.5
hsa-miR-409-3p,hsa-miR-541-3p,87,117.5
hsa-miR-299-3p,hsa-miR-323a-3p,87,117.5
hsa-miR-433-3p,hsa-miR-369-3p,87,117.5
hsa-miR-433-3p,hsa-miR-376b-3p,87,117.5
hsa-miR-376b-3p,hsa-miR-433-3p,87,117.5
hsa-miR-544a,hsa-miR-323a-3p,87,117.5
hsa-miR-541-3p,hsa-miR-409-3p,87,117.5
hsa-miR-377-3p,hsa-miR-494-3p,87,117.5
hsa-miR-494-3p,hsa-miR-377-3p,87,117.5
hsa-miR-369-3p,hsa-miR-433-3p,87,117.5
hsa-miR-323a-3p,hsa-miR-544a,87,117.5
hsa-miR-543,hsa-miR-376b-3p,86,117.5
hsa-miR-544a,hsa-miR-127-5p,86,117.5
hsa-miR-544a,hsa-miR-431-5p,86,117.5
hsa-miR-494-3p,hsa-miR-654-3p,86,117.5
hsa-miR-494-3p,hsa-miR-487a-3p,86,117.5
hsa-miR-134-5p,hsa-miR-376c-3p,86,117.5
hsa-miR-127-5p,hsa-miR-544a,86,117.5
hsa-miR-409-3p,hsa-miR-380-3p,86,117.5
hsa-miR-380-3p,hsa-miR-409-3p,86,117.5
hsa-miR-431-5p,hsa-miR-544a,86,117.5
hsa-miR-654-3p,hsa-miR-494-3p,86,117.5
hsa-miR-376b-3p,hsa-miR-543,86,117.5
hsa-miR-376c-3p,hsa-miR-134-5p,86,117.5
hsa-miR-487a-3p,hsa-miR-494-3p,86,117.5
hsa-miR-668-3p,hsa-miR-654-3p,85,117.5
hsa-miR-654-3p,hsa-miR-668-3p,85,117.5
hsa-miR-665,hsa-miR-655-3p,85,117.5
hsa-miR-655-3p,hsa-miR-665,85,117.5
hsa-miR-665,hsa-miR-376b-3p,84,117.5
hsa-miR-544a,hsa-miR-494-3p,84,117.5
hsa-miR-432-5p,hsa-miR-154-5p,84,117.5
hsa-miR-494-3p,hsa-miR-544a,84,117.5
hsa-miR-494-3p,hsa-miR-299-3p,84,117.5
hsa-miR-299-3p,hsa-miR-494-3p,84,117.5
hsa-miR-376b-3p,hsa-miR-665,84,117.5
hsa-miR-154-5p,hsa-miR-432-5p,84,117.5
hsa-miR-136-5p,hsa-miR-380-3p,83,117.5
hsa-miR-493-3p,hsa-miR-544a,83,117.5
hsa-miR-380-3p,hsa-miR-136-5p,83,117.5
hsa-miR-431-5p,hsa-miR-487a-3p,83,117.5
hsa-miR-376c-3p,hsa-miR-665,83,117.5
hsa-miR-487a-3p,hsa-miR-431-5p,83,117.5
hsa-miR-496,hsa-miR-329-3p,83,117.5
hsa-miR-665,hsa-miR-376c-3p,83,117.5
hsa-miR-544a,hsa-miR-493-3p,83,117.5
hsa-miR-381-3p,hsa-miR-369-3p,83,117.5
hsa-miR-329-3p,hsa-miR-496,83,117.5
hsa-miR-369-3p,hsa-miR-381-3p,83,117.5
hsa-miR-377-3p,hsa-miR-668-3p,82,117.5
hsa-miR-136-5p,hsa-miR-496,82,117.5
hsa-miR-668-3p,hsa-miR-377-3p,82,117.5
hsa-miR-496,hsa-miR-136-5p,82,117.5
hsa-miR-495-3p,hsa-miR-655-3p,81,117.5
hsa-miR-655-3p,hsa-miR-495-3p,81,117.5
hsa-miR-654-5p,hsa-miR-410-3p,80,117.5
hsa-miR-410-3p,hsa-miR-654-5p,80,117.5
hsa-miR-410-3p,hsa-miR-487a-3p,80,117.5
hsa-miR-487a-3p,hsa-miR-410-3p,80,117.5
hsa-miR-493-3p,hsa-miR-496,79,117.5
hsa-miR-433-3p,hsa-miR-376a-3p,79,117.5
hsa-miR-380-3p,hsa-miR-432-5p,79,117.5
hsa-miR-376b-3p,hsa-miR-487a-3p,79,117.5
hsa-miR-487a-3p,hsa-miR-134-5p,79,117.5
hsa-miR-487a-3p,hsa-miR-376b-3p,79,117.5
hsa-miR-376a-3p,hsa-miR-433-3p,79,117.5
hsa-miR-496,hsa-miR-493-3p,79,117.5
hsa-miR-432-5p,hsa-miR-380-3p,79,117.5
hsa-miR-134-5p,hsa-miR-487a-3p,79,117.5
hsa-miR-544a,hsa-miR-654-3p,78,117.5
hsa-miR-382-5p,hsa-miR-493-3p,78,117.5
hsa-miR-493-3p,hsa-miR-382-5p,78,117.5
hsa-miR-493-3p,hsa-miR-380-3p,78,117.5
hsa-miR-380-3p,hsa-miR-493-3p,78,117.5
hsa-miR-654-3p,hsa-miR-544a,78,117.5
hsa-miR-1197,hsa-miR-494-3p,77,117.5
hsa-miR-770-5p,hsa-miR-323a-3p,77,117.5
hsa-miR-543,hsa-miR-655-3p,77,117.5
hsa-miR-543,hsa-miR-369-3p,77,117.5
hsa-miR-655-3p,hsa-miR-543,77,117.5
hsa-miR-494-3p,hsa-miR-1197,77,117.5
hsa-miR-369-3p,hsa-miR-543,77,117.5
hsa-miR-323a-3p,hsa-miR-770-5p,77,117.5
hsa-miR-665,hsa-miR-380-3p,76,117.5
hsa-miR-539-5p,hsa-miR-376b-3p,76,117.5
hsa-miR-377-3p,hsa-miR-382-5p,76,117.5
hsa-miR-410-3p,hsa-miR-376c-3p,76,117.5
hsa-miR-382-5p,hsa-miR-377-3p,76,117.5
hsa-miR-380-3p,hsa-miR-665,76,117.5
hsa-miR-380-3p,hsa-miR-541-5p,76,117.5
hsa-miR-376b-3p,hsa-miR-539-5p,76,117.5
hsa-miR-376c-3p,hsa-miR-410-3p,76,117.5
hsa-miR-541-5p,hsa-miR-380-3p,76,117.5
hsa-miR-323a-3p,hsa-miR-496,75,117.5
hsa-miR-376c-3p,hsa-miR-382-5p,75,117.5
hsa-miR-496,hsa-miR-323a-3p,75,117.5
hsa-miR-654-5p,hsa-miR-377-3p,75,117.5
hsa-miR-377-3p,hsa-miR-654-5p,75,117.5
hsa-miR-382-5p,hsa-miR-376c-3p,75,117.5
hsa-miR-485-5p,hsa-miR-655-3p,74,117.5
hsa-miR-543,hsa-miR-376a-3p,74,117.5
hsa-miR-544a,hsa-miR-380-3p,74,117.5
hsa-miR-655-3p,hsa-miR-485-5p,74,117.5
hsa-miR-493-3p,hsa-miR-770-5p,74,117.5
hsa-miR-299-3p,hsa-miR-433-3p,74,117.5
hsa-miR-433-3p,hsa-miR-299-3p,74,117.5
hsa-miR-380-3p,hsa-miR-544a,74,117.5
hsa-miR-770-5p,hsa-miR-493-3p,74,117.5
hsa-miR-376a-3p,hsa-miR-543,74,117.5
hsa-miR-299-3p,hsa-miR-431-5p,73,117.5
hsa-miR-433-3p,hsa-miR-655-3p,73,117.5
hsa-miR-431-5p,hsa-miR-299-3p,73,117.5
hsa-miR-377-3p,hsa-miR-134-5p,73,117.5
hsa-miR-655-3p,hsa-miR-433-3p,73,117.5
hsa-miR-494-3p,hsa-miR-127-5p,73,117.5
hsa-miR-134-5p,hsa-miR-377-3p,73,117.5
hsa-miR-127-5p,hsa-miR-494-3p,73,117.5
hsa-miR-495-3p,hsa-miR-496,72,117.5
hsa-miR-377-3p,hsa-miR-654-3p,72,117.5
hsa-miR-410-3p,hsa-miR-496,72,117.5
hsa-miR-299-3p,hsa-miR-770-5p,72,117.5
hsa-miR-770-5p,hsa-miR-299-3p,72,117.5
hsa-miR-654-3p,hsa-miR-377-3p,72,117.5
hsa-miR-496,hsa-miR-495-3p,72,117.5
hsa-miR-496,hsa-miR-410-3p,72,117.5
hsa-miR-409-3p,hsa-miR-496,71,117.5
hsa-miR-493-3p,hsa-miR-376b-3p,71,117.5
hsa-miR-380-3p,hsa-miR-370-3p,71,117.5
hsa-miR-770-5p,hsa-miR-654-3p,71,117.5
hsa-miR-654-3p,hsa-miR-770-5p,71,117.5
hsa-miR-376b-3p,hsa-miR-493-3p,71,117.5
hsa-miR-154-5p,hsa-miR-377-3p,71,117.5
hsa-miR-496,hsa-miR-409-3p,71,117.5
hsa-miR-370-3p,hsa-miR-380-3p,71,117.5
hsa-miR-377-3p,hsa-miR-154-5p,71,117.5
hsa-miR-539-5p,hsa-miR-655-3p,70,117.5
hsa-miR-370-3p,hsa-miR-655-3p,70,117.5
hsa-miR-655-3p,hsa-miR-539-5p,70,117.5
hsa-miR-655-3p,hsa-miR-370-3p,70,117.5
hsa-miR-655-3p,hsa-miR-299-3p,70,117.5
hsa-miR-299-3p,hsa-miR-655-3p,70,117.5
hsa-miR-299-3p,hsa-miR-380-3p,69,117.5
hsa-miR-299-3p,hsa-miR-654-3p,69,117.5
hsa-miR-380-3p,hsa-miR-410-3p,69,117.5
hsa-miR-380-3p,hsa-miR-323a-3p,69,117.5
hsa-miR-380-3p,hsa-miR-299-3p,69,117.5
hsa-miR-654-3p,hsa-miR-654-5p,69,117.5
hsa-miR-654-3p,hsa-miR-299-3p,69,117.5
hsa-miR-487a-3p,hsa-miR-382-5p,69,117.5
hsa-miR-654-5p,hsa-miR-654-3p,69,117.5
hsa-miR-410-3p,hsa-miR-380-3p,69,117.5
hsa-miR-382-5p,hsa-miR-487a-3p,69,117.5
hsa-miR-323a-3p,hsa-miR-380-3p,69,117.5
hsa-miR-127-5p,hsa-miR-487a-3p,68,117.5
hsa-miR-299-3p,hsa-miR-668-3p,68,117.5
hsa-miR-668-3p,hsa-miR-299-3p,68,117.5
hsa-miR-487a-3p,hsa-miR-127-5p,68,117.5
hsa-miR-380-3p,hsa-miR-329-3p,67,117.5
hsa-miR-380-3p,hsa-miR-376c-3p,67,117.5
hsa-miR-376c-3p,hsa-miR-380-3p,67,117.5
hsa-miR-329-3p,hsa-miR-380-3p,67,117.5
hsa-miR-485-5p,hsa-miR-376a-3p,66,117.5
hsa-miR-544a,hsa-miR-487a-3p,66,117.5
hsa-miR-127-5p,hsa-miR-299-3p,66,117.5
hsa-miR-758-3p,hsa-miR-299-3p,66,117.5
hsa-miR-758-3p,hsa-miR-376c-3p,66,117.5
hsa-miR-299-3p,hsa-miR-758-3p,66,117.5
hsa-miR-299-3p,hsa-miR-127-5p,66,117.5
hsa-miR-376c-3p,hsa-miR-758-3p,66,117.5
hsa-miR-487a-3p,hsa-miR-544a,66,117.5
hsa-miR-376a-3p,hsa-miR-485-5p,66,117.5
hsa-miR-1197,hsa-miR-496,65,117.5
hsa-miR-770-5p,hsa-miR-544a,65,117.5
hsa-miR-654-3p,hsa-miR-382-5p,65,117.5
hsa-miR-496,hsa-miR-1197,65,117.5
hsa-miR-544a,hsa-miR-770-5p,65,117.5
hsa-miR-382-5p,hsa-miR-654-3p,65,117.5
hsa-miR-544a,hsa-miR-496,64,117.5
hsa-miR-494-3p,hsa-miR-376c-3p,64,117.5
hsa-miR-127-5p,hsa-miR-496,64,117.5
hsa-miR-376c-3p,hsa-miR-494-3p,64,117.5
hsa-miR-496,hsa-miR-544a,64,117.5
hsa-miR-496,hsa-miR-127-5p,64,117.5
hsa-miR-770-5p,hsa-miR-431-5p,63,117.5
hsa-miR-431-5p,hsa-miR-770-5p,63,117.5
hsa-miR-380-3p,hsa-miR-668-3p,62,117.5
hsa-miR-668-3p,hsa-miR-380-3p,62,117.5
hsa-miR-376c-3p,hsa-miR-495-3p,62,117.5
hsa-miR-154-5p,hsa-miR-544a,62,117.5
hsa-miR-495-3p,hsa-miR-376c-3p,62,117.5
hsa-miR-544a,hsa-miR-154-5p,62,117.5
hsa-miR-539-5p,hsa-miR-376a-3p,61,117.5
hsa-miR-656-3p,hsa-miR-433-3p,61,117.5
hsa-miR-433-3p,hsa-miR-656-3p,61,117.5
hsa-miR-376a-3p,hsa-miR-539-5p,61,117.5
hsa-miR-376b-3p,hsa-miR-370-3p,60,117.5
hsa-miR-543,hsa-miR-656-3p,60,117.5
hsa-miR-370-3p,hsa-miR-376b-3p,60,117.5
hsa-miR-432-5p,hsa-miR-369-3p,60,117.5
hsa-miR-656-3p,hsa-miR-543,60,117.5
hsa-miR-369-3p,hsa-miR-432-5p,60,117.5
hsa-miR-544a,hsa-miR-377-3p,59,117.5
hsa-miR-541-3p,hsa-miR-323a-3p,59,117.5
hsa-miR-377-3p,hsa-miR-544a,59,117.5
hsa-miR-323a-3p,hsa-miR-541-3p,59,117.5
hsa-miR-544a,hsa-miR-668-3p,58,117.5
hsa-miR-541-3p,hsa-miR-154-5p,58,117.5
hsa-miR-668-3p,hsa-miR-544a,58,117.5
hsa-miR-154-5p,hsa-miR-541-3p,58,117.5
hsa-miR-770-5p,hsa-miR-377-3p,57,117.5
hsa-miR-154-5p,hsa-miR-487a-3p,57,117.5
hsa-miR-487a-3p,hsa-miR-154-5p,57,117.5
hsa-miR-487a-3p,hsa-miR-376a-3p,57,117.5
hsa-miR-376a-3p,hsa-miR-487a-3p,57,117.5
hsa-miR-656-3p,hsa-miR-323a-3p,57,117.5
hsa-miR-377-3p,hsa-miR-770-5p,57,117.5
hsa-miR-323a-3p,hsa-miR-656-3p,57,117.5
hsa-miR-654-5p,hsa-miR-323a-3p,56,117.5
hsa-miR-381-3p,hsa-miR-889-3p,56,117.5
hsa-miR-323a-3p,hsa-miR-654-5p,56,117.5
hsa-miR-493-3p,hsa-miR-376c-3p,56,117.5
hsa-miR-299-3p,hsa-miR-376c-3p,56,117.5
hsa-miR-376c-3p,hsa-miR-493-3p,56,117.5
hsa-miR-376c-3p,hsa-miR-299-3p,56,117.5
hsa-miR-889-3p,hsa-miR-381-3p,56,117.5
hsa-miR-668-3p,hsa-miR-376c-3p,55,117.5
hsa-miR-376b-3p,hsa-miR-329-3p,55,117.5
hsa-miR-376c-3p,hsa-miR-668-3p,55,117.5
hsa-miR-487a-3p,hsa-miR-432-5p,55,117.5
hsa-miR-541-5p,hsa-miR-496,55,117.5
hsa-miR-496,hsa-miR-541-5p,55,117.5
hsa-miR-432-5p,hsa-miR-487a-3p,55,117.5
hsa-miR-329-3p,hsa-miR-376b-3p,55,117.5
hsa-miR-656-3p,hsa-miR-494-3p,54,117.5
hsa-miR-656-3p,hsa-miR-541-5p,54,117.5
hsa-miR-329-3p,hsa-miR-376a-3p,54,117.5
hsa-miR-494-3p,hsa-miR-656-3p,54,117.5
hsa-miR-369-3p,hsa-miR-299-3p,54,117.5
hsa-miR-299-3p,hsa-miR-369-3p,54,117.5
hsa-miR-487a-3p,hsa-miR-496,54,117.5
hsa-miR-541-5p,hsa-miR-656-3p,54,117.5
hsa-miR-376a-3p,hsa-miR-329-3p,54,117.5
hsa-miR-496,hsa-miR-487a-3p,54,117.5
hsa-miR-380-3p,hsa-miR-541-3p,53,117.5
hsa-miR-376c-3p,hsa-miR-485-3p,53,117.5
hsa-miR-485-3p,hsa-miR-376c-3p,53,117.5
hsa-miR-541-3p,hsa-miR-380-3p,53,117.5
hsa-miR-544a,hsa-miR-376c-3p,52,117.5
hsa-miR-432-5p,hsa-miR-376b-3p,52,117.5
hsa-miR-377-3p,hsa-miR-496,52,117.5
hsa-miR-655-3p,hsa-miR-494-3p,52,117.5
hsa-miR-655-3p,hsa-miR-1197,52,117.5
hsa-miR-494-3p,hsa-miR-655-3p,52,117.5
hsa-miR-369-3p,hsa-miR-485-3p,52,117.5
hsa-miR-1197,hsa-miR-655-3p,52,117.5
hsa-miR-376b-3p,hsa-miR-432-5p,52,117.5
hsa-miR-376c-3p,hsa-miR-544a,52,117.5
hsa-miR-485-3p,hsa-miR-369-3p,52,117.5
hsa-miR-496,hsa-miR-377-3p,52,117.5
hsa-miR-668-3p,hsa-miR-770-5p,51,117.5
hsa-miR-770-5p,hsa-miR-668-3p,51,117.5
hsa-miR-487a-3p,hsa-miR-654-5p,51,117.5
hsa-miR-654-5p,hsa-miR-487a-3p,51,117.5
hsa-miR-656-3p,hsa-miR-409-3p,50,117.5
hsa-miR-369-3p,hsa-miR-323a-3p,50,117.5
hsa-miR-323a-3p,hsa-miR-369-3p,50,117.5
hsa-miR-409-3p,hsa-miR-656-3p,50,117.5
hsa-miR-380-3p,hsa-miR-431-5p,50,117.5
hsa-miR-431-5p,hsa-miR-380-3p,50,117.5
hsa-miR-487a-3p,hsa-miR-541-5p,50,117.5
hsa-miR-541-5p,hsa-miR-487a-3p,50,117.5
hsa-miR-299-3p,hsa-miR-382-5p,49,117.5
hsa-miR-487a-3p,hsa-miR-541-3p,49,117.5
hsa-miR-889-3p,hsa-miR-665,49,117.5
hsa-miR-665,hsa-miR-889-3p,49,117.5
hsa-miR-541-3p,hsa-miR-487a-3p,49,117.5
hsa-miR-382-5p,hsa-miR-299-3p,49,117.5
hsa-miR-655-3p,hsa-miR-329-3p,48,117.5
hsa-miR-329-3p,hsa-miR-655-3p,48,117.5
hsa-miR-770-5p,hsa-miR-376c-3p,48,117.5
hsa-miR-770-5p,hsa-miR-376a-3p,48,117.5
hsa-miR-654-3p,hsa-miR-487a-3p,48,117.5
hsa-miR-376c-3p,hsa-miR-770-5p,48,117.5
hsa-miR-487a-3p,hsa-miR-654-3p,48,117.5
hsa-miR-376a-3p,hsa-miR-770-5p,48,117.5
hsa-miR-154-5p,hsa-miR-654-5p,47,117.5
hsa-miR-654-5p,hsa-miR-154-5p,47,117.5
hsa-miR-494-3p,hsa-miR-369-3p,47,117.5
hsa-miR-369-3p,hsa-miR-494-3p,47,117.5
hsa-miR-432-5p,hsa-miR-376a-3p,46,117.5
hsa-miR-377-3p,hsa-miR-127-5p,46,117.5
hsa-miR-410-3p,hsa-miR-376a-3p,46,117.5
hsa-miR-127-5p,hsa-miR-377-3p,46,117.5
hsa-miR-369-3p,hsa-miR-154-5p,46,117.5
hsa-miR-758-3p,hsa-miR-376b-3p,46,117.5
hsa-miR-770-5p,hsa-miR-496,46,117.5
hsa-miR-431-5p,hsa-miR-376c-3p,46,117.5
hsa-miR-376b-3p,hsa-miR-758-3p,46,117.5
hsa-miR-376c-3p,hsa-miR-431-5p,46,117.5
hsa-miR-154-5p,hsa-miR-369-3p,46,117.5
hsa-miR-376a-3p,hsa-miR-432-5p,46,117.5
hsa-miR-376a-3p,hsa-miR-410-3p,46,117.5
hsa-miR-496,hsa-miR-770-5p,46,117.5
hsa-miR-493-3p,hsa-miR-656-3p,45,117.5
hsa-miR-1197,hsa-miR-376c-3p,45,117.5
hsa-miR-376b-3p,hsa-miR-495-3p,45,117.5
hsa-miR-376b-3p,hsa-miR-134-5p,45,117.5
hsa-miR-376c-3p,hsa-miR-1197,45,117.5
hsa-miR-495-3p,hsa-miR-376b-3p,45,117.5
hsa-miR-656-3p,hsa-miR-493-3p,45,117.5
hsa-miR-134-5p,hsa-miR-376b-3p,45,117.5
hsa-miR-665,hsa-miR-369-3p,44,117.5
hsa-miR-134-5p,hsa-miR-376a-3p,44,117.5
hsa-miR-369-3p,hsa-miR-665,44,117.5
hsa-miR-299-3p,hsa-miR-487a-3p,44,117.5
hsa-miR-154-5p,hsa-miR-376a-3p,44,117.5
hsa-miR-487a-3p,hsa-miR-299-3p,44,117.5
hsa-miR-376a-3p,hsa-miR-134-5p,44,117.5
hsa-miR-376a-3p,hsa-miR-154-5p,44,117.5
hsa-miR-136-5p,hsa-miR-376b-3p,43,117.5
hsa-miR-380-3p,hsa-miR-127-5p,43,117.5
hsa-miR-380-3p,hsa-miR-154-5p,43,117.5
hsa-miR-654-3p,hsa-miR-127-5p,43,117.5
hsa-miR-376b-3p,hsa-miR-136-5p,43,117.5
hsa-miR-376c-3p,hsa-miR-154-5p,43,117.5
hsa-miR-154-5p,hsa-miR-380-3p,43,117.5
hsa-miR-154-5p,hsa-miR-376c-3p,43,117.5
hsa-miR-376a-3p,hsa-miR-370-3p,43,117.5
hsa-miR-539-5p,hsa-miR-369-3p,43,117.5
hsa-miR-370-3p,hsa-miR-376a-3p,43,117.5
hsa-miR-127-5p,hsa-miR-380-3p,43,117.5
hsa-miR-127-5p,hsa-miR-654-3p,43,117.5
hsa-miR-369-3p,hsa-miR-539-5p,43,117.5
hsa-miR-485-5p,hsa-miR-656-3p,42,117.5
hsa-miR-656-3p,hsa-miR-485-5p,42,117.5
hsa-miR-656-3p,hsa-miR-485-3p,42,117.5
hsa-miR-377-3p,hsa-miR-299-3p,42,117.5
hsa-miR-655-3p,hsa-miR-409-3p,42,117.5
hsa-miR-655-3p,hsa-miR-485-3p,42,117.5
hsa-miR-382-5p,hsa-miR-380-3p,42,117.5
hsa-miR-409-3p,hsa-miR-655-3p,42,117.5
hsa-miR-299-3p,hsa-miR-377-3p,42,117.5
hsa-miR-380-3p,hsa-miR-382-5p,42,117.5
hsa-miR-380-3p,hsa-miR-770-5p,42,117.5
hsa-miR-668-3p,hsa-miR-487a-3p,42,117.5
hsa-miR-770-5p,hsa-miR-380-3p,42,117.5
hsa-miR-770-5p,hsa-miR-376b-3p,42,117.5
hsa-miR-376b-3p,hsa-miR-770-5p,42,117.5
hsa-miR-485-3p,hsa-miR-656-3p,42,117.5
hsa-miR-485-3p,hsa-miR-655-3p,42,117.5
hsa-miR-487a-3p,hsa-miR-668-3p,42,117.5
hsa-miR-1197,hsa-miR-487a-3p,41,117.5
hsa-miR-487a-3p,hsa-miR-1197,41,117.5
hsa-miR-376a-3p,hsa-miR-127-5p,41,117.5
hsa-miR-127-5p,hsa-miR-376a-3p,41,117.5
hsa-miR-544a,hsa-miR-655-3p,40,117.5
hsa-miR-655-3p,hsa-miR-758-3p,40,117.5
hsa-miR-655-3p,hsa-miR-770-5p,40,117.5
hsa-miR-655-3p,hsa-miR-544a,40,117.5
hsa-miR-410-3p,hsa-miR-376b-3p,40,117.5
hsa-miR-758-3p,hsa-miR-655-3p,40,117.5
hsa-miR-770-5p,hsa-miR-655-3p,40,117.5
hsa-miR-376b-3p,hsa-miR-410-3p,40,117.5
hsa-miR-323a-3p,hsa-miR-127-5p,39,117.5
hsa-miR-496,hsa-miR-494-3p,39,117.5
hsa-miR-655-3p,hsa-miR-410-3p,39,117.5
hsa-miR-655-3p,hsa-miR-323a-3p,39,117.5
hsa-miR-410-3p,hsa-miR-655-3p,39,117.5
hsa-miR-494-3p,hsa-miR-496,39,117.5
hsa-miR-127-5p,hsa-miR-323a-3p,39,117.5
hsa-miR-323a-3p,hsa-miR-655-3p,39,117.5
hsa-miR-495-3p,hsa-miR-376a-3p,38,117.5
hsa-miR-493-3p,hsa-miR-376a-3p,38,117.5
hsa-miR-376a-3p,hsa-miR-495-3p,38,117.5
hsa-miR-376a-3p,hsa-miR-493-3p,38,117.5
hsa-miR-431-5p,hsa-miR-496,37,117.5
hsa-miR-376b-3p,hsa-miR-494-3p,37,117.5
hsa-miR-376c-3p,hsa-miR-127-5p,37,117.5
hsa-miR-154-5p,hsa-miR-496,37,117.5
hsa-miR-376a-3p,hsa-miR-665,37,117.5
hsa-miR-496,hsa-miR-431-5p,37,117.5
hsa-miR-496,hsa-miR-154-5p,37,117.5
hsa-miR-665,hsa-miR-376a-3p,37,117.5
hsa-miR-494-3p,hsa-miR-376b-3p,37,117.5
hsa-miR-127-5p,hsa-miR-376c-3p,37,117.5
hsa-miR-544a,hsa-miR-299-3p,36,117.5
hsa-miR-655-3p,hsa-miR-541-5p,36,117.5
hsa-miR-323a-3p,hsa-miR-376b-3p,36,117.5
hsa-miR-299-3p,hsa-miR-544a,36,117.5
hsa-miR-431-5p,hsa-miR-376b-3p,36,117.5
hsa-miR-376b-3p,hsa-miR-431-5p,36,117.5
hsa-miR-376b-3p,hsa-miR-323a-3p,36,117.5
hsa-miR-541-5p,hsa-miR-655-3p,36,117.5
hsa-miR-136-5p,hsa-miR-655-3p,35,117.5
hsa-miR-380-3p,hsa-miR-377-3p,35,117.5
hsa-miR-495-3p,hsa-miR-656-3p,35,117.5
hsa-miR-656-3p,hsa-miR-495-3p,35,117.5
hsa-miR-377-3p,hsa-miR-380-3p,35,117.5
hsa-miR-655-3p,hsa-miR-136-5p,35,117.5
hsa-miR-654-5p,hsa-miR-380-3p,34,117.5
hsa-miR-541-3p,hsa-miR-655-3p,34,117.5
hsa-miR-377-3p,hsa-miR-376c-3p,34,117.5
hsa-miR-655-3p,hsa-miR-541-3p,34,117.5
hsa-miR-494-3p,hsa-miR-380-3p,34,117.5
hsa-miR-493-5p,hsa-miR-889-3p,34,117.5
hsa-miR-382-5p,hsa-miR-376a-3p,34,117.5
hsa-miR-380-3p,hsa-miR-654-5p,34,117.5
hsa-miR-380-3p,hsa-miR-494-3p,34,117.5
hsa-miR-654-3p,hsa-miR-376a-3p,34,117.5
hsa-miR-376c-3p,hsa-miR-377-3p,34,117.5
hsa-miR-889-3p,hsa-miR-493-5p,34,117.5
hsa-miR-376a-3p,hsa-miR-382-5p,34,117.5
hsa-miR-376a-3p,hsa-miR-654-3p,34,117.5
hsa-miR-376b-3p,hsa-miR-154-5p,33,117.5
hsa-miR-154-5p,hsa-miR-376b-3p,33,117.5
hsa-miR-496,hsa-miR-382-5p,33,117.5
hsa-miR-655-3p,hsa-miR-134-5p,33,117.5
hsa-miR-134-5p,hsa-miR-655-3p,33,117.5
hsa-miR-382-5p,hsa-miR-496,33,117.5
hsa-miR-544a,hsa-miR-376a-3p,32,117.5
hsa-miR-432-5p,hsa-miR-496,32,117.5
hsa-miR-656-3p,hsa-miR-127-5p,32,117.5
hsa-miR-127-5p,hsa-miR-656-3p,32,117.5
hsa-miR-369-3p,hsa-miR-1197,32,117.5
hsa-miR-136-5p,hsa-miR-376a-3p,32,117.5
hsa-miR-1197,hsa-miR-369-3p,32,117.5
hsa-miR-431-5p,hsa-miR-376a-3p,32,117.5
hsa-miR-376a-3p,hsa-miR-544a,32,117.5
hsa-miR-376a-3p,hsa-miR-431-5p,32,117.5
hsa-miR-376a-3p,hsa-miR-136-5p,32,117.5
hsa-miR-496,hsa-miR-432-5p,32,117.5
hsa-miR-493-3p,hsa-miR-655-3p,31,117.5
hsa-miR-431-5p,hsa-miR-655-3p,31,117.5
hsa-miR-376b-3p,hsa-miR-544a,31,117.5
hsa-miR-376b-3p,hsa-miR-127-5p,31,117.5
hsa-miR-376c-3p,hsa-miR-376a-3p,31,117.5
hsa-miR-376a-3p,hsa-miR-494-3p,31,117.5
hsa-miR-376a-3p,hsa-miR-376c-3p,31,117.5
hsa-miR-654-5p,hsa-miR-655-3p,31,117.5
hsa-miR-544a,hsa-miR-376b-3p,31,117.5
hsa-miR-655-3p,hsa-miR-654-5p,31,117.5
hsa-miR-655-3p,hsa-miR-493-3p,31,117.5
hsa-miR-655-3p,hsa-miR-431-5p,31,117.5
hsa-miR-494-3p,hsa-miR-376a-3p,31,117.5
hsa-miR-134-5p,hsa-miR-369-3p,31,117.5
hsa-miR-127-5p,hsa-miR-376b-3p,31,117.5
hsa-miR-369-3p,hsa-miR-134-5p,31,117.5
hsa-miR-539-5p,hsa-miR-656-3p,30,117.5
hsa-miR-656-3p,hsa-miR-539-5p,30,117.5
hsa-miR-656-3p,hsa-miR-493-5p,30,117.5
hsa-miR-655-3p,hsa-miR-127-5p,30,117.5
hsa-miR-329-3p,hsa-miR-369-3p,30,117.5
hsa-miR-493-5p,hsa-miR-656-3p,30,117.5
hsa-miR-127-5p,hsa-miR-655-3p,30,117.5
hsa-miR-382-5p,hsa-miR-376b-3p,30,117.5
hsa-miR-369-3p,hsa-miR-329-3p,30,117.5
hsa-miR-758-3p,hsa-miR-376a-3p,30,117.5
hsa-miR-299-3p,hsa-miR-496,30,117.5
hsa-miR-376b-3p,hsa-miR-382-5p,30,117.5
hsa-miR-376a-3p,hsa-miR-758-3p,30,117.5
hsa-miR-496,hsa-miR-299-3p,30,117.5
hsa-miR-323a-3p,hsa-miR-376a-3p,29,117.5
hsa-miR-380-3p,hsa-miR-496,29,117.5
hsa-miR-668-3p,hsa-miR-655-3p,29,117.5
hsa-miR-889-3p,hsa-miR-543,29,117.5
hsa-miR-376a-3p,hsa-miR-323a-3p,29,117.5
hsa-miR-496,hsa-miR-380-3p,29,117.5
hsa-miR-543,hsa-miR-889-3p,29,117.5
hsa-miR-656-3p,hsa-miR-758-3p,29,117.5
hsa-miR-656-3p,hsa-miR-134-5p,29,117.5
hsa-miR-655-3p,hsa-miR-668-3p,29,117.5
hsa-miR-655-3p,hsa-miR-382-5p,29,117.5
hsa-miR-134-5p,hsa-miR-656-3p,29,117.5
hsa-miR-382-5p,hsa-miR-655-3p,29,117.5
hsa-miR-758-3p,hsa-miR-656-3p,29,117.5
hsa-miR-655-3p,hsa-miR-369-3p,28,117.5
hsa-miR-369-3p,hsa-miR-655-3p,28,117.5
hsa-miR-656-3p,hsa-miR-136-5p,27,117.5
hsa-miR-136-5p,hsa-miR-656-3p,27,117.5
hsa-miR-376b-3p,hsa-miR-541-5p,27,117.5
hsa-miR-376c-3p,hsa-miR-487a-3p,27,117.5
hsa-miR-487a-3p,hsa-miR-376c-3p,27,117.5
hsa-miR-541-5p,hsa-miR-376b-3p,27,117.5
hsa-miR-433-3p,hsa-miR-889-3p,26,117.5
hsa-miR-376b-3p,hsa-miR-654-5p,26,117.5
hsa-miR-487a-3p,hsa-miR-369-3p,26,117.5
hsa-miR-889-3p,hsa-miR-433-3p,26,117.5
hsa-miR-541-5p,hsa-miR-369-3p,26,117.5
hsa-miR-376a-3p,hsa-miR-654-5p,26,117.5
hsa-miR-654-5p,hsa-miR-376b-3p,26,117.5
hsa-miR-654-5p,hsa-miR-376a-3p,26,117.5
hsa-miR-432-5p,hsa-miR-655-3p,26,117.5
hsa-miR-377-3p,hsa-miR-655-3p,26,117.5
hsa-miR-655-3p,hsa-miR-432-5p,26,117.5
hsa-miR-655-3p,hsa-miR-377-3p,26,117.5
hsa-miR-369-3p,hsa-miR-487a-3p,26,117.5
hsa-miR-369-3p,hsa-miR-541-5p,26,117.5
hsa-miR-541-3p,hsa-miR-656-3p,25,117.5
hsa-miR-541-3p,hsa-miR-376b-3p,25,117.5
hsa-miR-656-3p,hsa-miR-541-3p,25,117.5
hsa-miR-656-3p,hsa-miR-329-3p,25,117.5
hsa-miR-656-3p,hsa-miR-496,25,117.5
hsa-miR-655-3p,hsa-miR-380-3p,25,117.5
hsa-miR-410-3p,hsa-miR-369-3p,25,117.5
hsa-miR-329-3p,hsa-miR-656-3p,25,117.5
hsa-miR-369-3p,hsa-miR-410-3p,25,117.5
hsa-miR-369-3p,hsa-miR-758-3p,25,117.5
hsa-miR-758-3p,hsa-miR-369-3p,25,117.5
hsa-miR-409-3p,hsa-miR-376b-3p,25,117.5
hsa-miR-380-3p,hsa-miR-655-3p,25,117.5
hsa-miR-380-3p,hsa-miR-654-3p,25,117.5
hsa-miR-380-3p,hsa-miR-487a-3p,25,117.5
hsa-miR-654-3p,hsa-miR-380-3p,25,117.5
hsa-miR-376b-3p,hsa-miR-541-3p,25,117.5
hsa-miR-376b-3p,hsa-miR-409-3p,25,117.5
hsa-miR-487a-3p,hsa-miR-380-3p,25,117.5
hsa-miR-496,hsa-miR-656-3p,25,117.5
hsa-miR-1197,hsa-miR-376a-3p,24,117.5
hsa-miR-654-3p,hsa-miR-376b-3p,24,117.5
hsa-miR-376b-3p,hsa-miR-654-3p,24,117.5
hsa-miR-376c-3p,hsa-miR-654-5p,24,117.5
hsa-miR-889-3p,hsa-miR-134-5p,24,117.5
hsa-miR-376a-3p,hsa-miR-1197,24,117.5
hsa-miR-654-5p,hsa-miR-376c-3p,24,117.5
hsa-miR-134-5p,hsa-miR-889-3p,24,117.5
hsa-miR-127-5p,hsa-miR-369-3p,24,117.5
hsa-miR-369-3p,hsa-miR-127-5p,24,117.5
hsa-miR-495-3p,hsa-miR-369-3p,23,117.5
hsa-miR-485-5p,hsa-miR-369-3p,23,117.5
hsa-miR-654-5p,hsa-miR-496,23,117.5
hsa-miR-656-3p,hsa-miR-369-3p,23,117.5
hsa-miR-369-3p,hsa-miR-495-3p,23,117.5
hsa-miR-369-3p,hsa-miR-485-5p,23,117.5
hsa-miR-369-3p,hsa-miR-656-3p,23,117.5
hsa-miR-770-5p,hsa-miR-487a-3p,23,117.5
hsa-miR-487a-3p,hsa-miR-770-5p,23,117.5
hsa-miR-496,hsa-miR-654-5p,23,117.5
hsa-miR-654-3p,hsa-miR-889-3p,22,117.5
hsa-miR-376b-3p,hsa-miR-376c-3p,22,117.5
hsa-miR-376c-3p,hsa-miR-376b-3p,22,117.5
hsa-miR-154-5p,hsa-miR-655-3p,22,117.5
hsa-miR-889-3p,hsa-miR-539-5p,22,117.5
hsa-miR-889-3p,hsa-miR-410-3p,22,117.5
hsa-miR-889-3p,hsa-miR-758-3p,22,117.5
hsa-miR-889-3p,hsa-miR-654-3p,22,117.5
hsa-miR-539-5p,hsa-miR-889-3p,22,117.5
hsa-miR-655-3p,hsa-miR-154-5p,22,117.5
hsa-miR-410-3p,hsa-miR-889-3p,22,117.5
hsa-miR-758-3p,hsa-miR-889-3p,22,117.5
hsa-miR-655-3p,hsa-miR-654-3p,21,117.5
hsa-miR-409-3p,hsa-miR-376a-3p,21,117.5
hsa-miR-380-3p,hsa-miR-376b-3p,21,117.5
hsa-miR-668-3p,hsa-miR-496,21,117.5
hsa-miR-431-5p,hsa-miR-889-3p,21,117.5
hsa-miR-654-3p,hsa-miR-655-3p,21,117.5
hsa-miR-376b-3p,hsa-miR-380-3p,21,117.5
hsa-miR-889-3p,hsa-miR-431-5p,21,117.5
hsa-miR-541-5p,hsa-miR-376a-3p,21,117.5
hsa-miR-376a-3p,hsa-miR-409-3p,21,117.5
hsa-miR-376a-3p,hsa-miR-541-5p,21,117.5
hsa-miR-496,hsa-miR-668-3p,21,117.5
hsa-miR-376b-3p,hsa-miR-655-3p,20,117.5
hsa-miR-889-3p,hsa-miR-485-5p,20,117.5
hsa-miR-889-3p,hsa-miR-496,20,117.5
hsa-miR-376a-3p,hsa-miR-541-3p,20,117.5
hsa-miR-496,hsa-miR-889-3p,20,117.5
hsa-miR-485-5p,hsa-miR-889-3p,20,117.5
hsa-miR-541-3p,hsa-miR-376a-3p,20,117.5
hsa-miR-656-3p,hsa-miR-410-3p,20,117.5
hsa-miR-655-3p,hsa-miR-376b-3p,20,117.5
hsa-miR-410-3p,hsa-miR-656-3p,20,117.5
hsa-miR-432-5p,hsa-miR-656-3p,19,117.5
hsa-miR-432-5p,hsa-miR-889-3p,19,117.5
hsa-miR-656-3p,hsa-miR-432-5p,19,117.5
hsa-miR-656-3p,hsa-miR-431-5p,19,117.5
hsa-miR-377-3p,hsa-miR-889-3p,19,117.5
hsa-miR-1197,hsa-miR-376b-3p,19,117.5
hsa-miR-431-5p,hsa-miR-656-3p,19,117.5
hsa-miR-654-3p,hsa-miR-376c-3p,19,117.5
hsa-miR-376b-3p,hsa-miR-1197,19,117.5
hsa-miR-376c-3p,hsa-miR-654-3p,19,117.5
hsa-miR-889-3p,hsa-miR-432-5p,19,117.5
hsa-miR-889-3p,hsa-miR-377-3p,19,117.5
hsa-miR-376c-3p,hsa-miR-541-3p,18,117.5
hsa-miR-376c-3p,hsa-miR-496,18,117.5
hsa-miR-485-3p,hsa-miR-889-3p,18,117.5
hsa-miR-889-3p,hsa-miR-485-3p,18,117.5
hsa-miR-496,hsa-miR-376c-3p,18,117.5
hsa-miR-544a,hsa-miR-656-3p,18,117.5
hsa-miR-541-3p,hsa-miR-376c-3p,18,117.5
hsa-miR-656-3p,hsa-miR-544a,18,117.5
hsa-miR-382-5p,hsa-miR-369-3p,18,117.5
hsa-miR-369-3p,hsa-miR-382-5p,18,117.5
hsa-miR-665,hsa-miR-656-3p,17,117.5
hsa-miR-656-3p,hsa-miR-665,17,117.5
hsa-miR-656-3p,hsa-miR-654-3p,17,117.5
hsa-miR-494-3p,hsa-miR-889-3p,17,117.5
hsa-miR-299-3p,hsa-miR-376b-3p,17,117.5
hsa-miR-654-3p,hsa-miR-656-3p,17,117.5
hsa-miR-376b-3p,hsa-miR-299-3p,17,117.5
hsa-miR-889-3p,hsa-miR-494-3p,17,117.5
hsa-miR-380-3p,hsa-miR-376a-3p,16,117.5
hsa-miR-668-3p,hsa-miR-656-3p,16,117.5
hsa-miR-889-3p,hsa-miR-329-3p,16,117.5
hsa-miR-889-3p,hsa-miR-323a-3p,16,117.5
hsa-miR-376a-3p,hsa-miR-380-3p,16,117.5
hsa-miR-496,hsa-miR-541-3p,16,117.5
hsa-miR-654-5p,hsa-miR-656-3p,16,117.5
hsa-miR-541-3p,hsa-miR-496,16,117.5
hsa-miR-656-3p,hsa-miR-668-3p,16,117.5
hsa-miR-656-3p,hsa-miR-654-5p,16,117.5
hsa-miR-656-3p,hsa-miR-377-3p,16,117.5
hsa-miR-377-3p,hsa-miR-656-3p,16,117.5
hsa-miR-329-3p,hsa-miR-889-3p,16,117.5
hsa-miR-323a-3p,hsa-miR-889-3p,16,117.5
hsa-miR-656-3p,hsa-miR-382-5p,15,117.5
hsa-miR-655-3p,hsa-miR-496,15,117.5
hsa-miR-382-5p,hsa-miR-656-3p,15,117.5
hsa-miR-369-3p,hsa-miR-654-3p,15,117.5
hsa-miR-668-3p,hsa-miR-376b-3p,15,117.5
hsa-miR-654-3p,hsa-miR-369-3p,15,117.5
hsa-miR-376b-3p,hsa-miR-668-3p,15,117.5
hsa-miR-889-3p,hsa-miR-541-5p,15,117.5
hsa-miR-541-5p,hsa-miR-889-3p,15,117.5
hsa-miR-496,hsa-miR-655-3p,15,117.5
hsa-miR-409-3p,hsa-miR-369-3p,14,117.5
hsa-miR-299-3p,hsa-miR-376a-3p,14,117.5
hsa-miR-668-3p,hsa-miR-376a-3p,14,117.5
hsa-miR-1197,hsa-miR-889-3p,14,117.5
hsa-miR-376b-3p,hsa-miR-377-3p,14,117.5
hsa-miR-154-5p,hsa-miR-656-3p,14,117.5
hsa-miR-889-3p,hsa-miR-1197,14,117.5
hsa-miR-376a-3p,hsa-miR-668-3p,14,117.5
hsa-miR-376a-3p,hsa-miR-299-3p,14,117.5
hsa-miR-656-3p,hsa-miR-154-5p,14,117.5
hsa-miR-377-3p,hsa-miR-376b-3p,14,117.5
hsa-miR-369-3p,hsa-miR-409-3p,14,117.5
hsa-miR-495-3p,hsa-miR-889-3p,13,117.5
hsa-miR-655-3p,hsa-miR-487a-3p,13,117.5
hsa-miR-382-5p,hsa-miR-889-3p,13,117.5
hsa-miR-369-3p,hsa-miR-770-5p,13,117.5
hsa-miR-369-3p,hsa-miR-431-5p,13,117.5
hsa-miR-770-5p,hsa-miR-369-3p,13,117.5
hsa-miR-431-5p,hsa-miR-369-3p,13,117.5
hsa-miR-487a-3p,hsa-miR-655-3p,13,117.5
hsa-miR-889-3p,hsa-miR-495-3p,13,117.5
hsa-miR-889-3p,hsa-miR-382-5p,13,117.5
hsa-miR-376a-3p,hsa-miR-496,13,117.5
hsa-miR-496,hsa-miR-376a-3p,13,117.5
hsa-miR-493-3p,hsa-miR-889-3p,12,117.5
hsa-miR-380-3p,hsa-miR-656-3p,12,117.5
hsa-miR-376b-3p,hsa-miR-496,12,117.5
hsa-miR-376c-3p,hsa-miR-655-3p,12,117.5
hsa-miR-376c-3p,hsa-miR-369-3p,12,117.5
hsa-miR-889-3p,hsa-miR-493-3p,12,117.5
hsa-miR-376a-3p,hsa-miR-377-3p,12,117.5
hsa-miR-496,hsa-miR-376b-3p,12,117.5
hsa-miR-370-3p,hsa-miR-369-3p,12,117.5
hsa-miR-656-3p,hsa-miR-380-3p,12,117.5
hsa-miR-377-3p,hsa-miR-376a-3p,12,117.5
hsa-miR-655-3p,hsa-miR-376c-3p,12,117.5
hsa-miR-369-3p,hsa-miR-370-3p,12,117.5
hsa-miR-369-3p,hsa-miR-376c-3p,12,117.5
hsa-miR-544a,hsa-miR-369-3p,11,117.5
hsa-miR-656-3p,hsa-miR-655-3p,11,117.5
hsa-miR-656-3p,hsa-miR-1197,11,117.5
hsa-miR-655-3p,hsa-miR-656-3p,11,117.5
hsa-miR-369-3p,hsa-miR-544a,11,117.5
hsa-miR-369-3p,hsa-miR-496,11,117.5
hsa-miR-1197,hsa-miR-656-3p,11,117.5
hsa-miR-496,hsa-miR-369-3p,11,117.5
hsa-miR-136-5p,hsa-miR-369-3p,10,117.5
hsa-miR-770-5p,hsa-miR-656-3p,10,117.5
hsa-miR-487a-3p,hsa-miR-889-3p,10,117.5
hsa-miR-889-3p,hsa-miR-487a-3p,10,117.5
hsa-miR-656-3p,hsa-miR-770-5p,10,117.5
hsa-miR-377-3p,hsa-miR-369-3p,10,117.5
hsa-miR-369-3p,hsa-miR-377-3p,10,117.5
hsa-miR-369-3p,hsa-miR-136-5p,10,117.5
hsa-miR-544a,hsa-miR-889-3p,9,117.5
hsa-miR-369-3p,hsa-miR-668-3p,9,117.5
hsa-miR-299-3p,hsa-miR-889-3p,9,117.5
hsa-miR-668-3p,hsa-miR-369-3p,9,117.5
hsa-miR-889-3p,hsa-miR-544a,9,117.5
hsa-miR-889-3p,hsa-miR-299-3p,9,117.5
hsa-miR-487a-3p,hsa-miR-656-3p,8,117.5
hsa-miR-889-3p,hsa-miR-376a-3p,8,117.5
hsa-miR-376a-3p,hsa-miR-655-3p,8,117.5
hsa-miR-376a-3p,hsa-miR-889-3p,8,117.5
hsa-miR-376a-3p,hsa-miR-369-3p,8,117.5
hsa-miR-656-3p,hsa-miR-487a-3p,8,117.5
hsa-miR-655-3p,hsa-miR-376a-3p,8,117.5
hsa-miR-369-3p,hsa-miR-376a-3p,8,117.5
hsa-miR-370-3p,hsa-miR-656-3p,7,117.5
hsa-miR-541-3p,hsa-miR-369-3p,7,117.5
hsa-miR-656-3p,hsa-miR-370-3p,7,117.5
hsa-miR-656-3p,hsa-miR-376c-3p,7,117.5
hsa-miR-127-5p,hsa-miR-889-3p,7,117.5
hsa-miR-369-3p,hsa-miR-541-3p,7,117.5
hsa-miR-369-3p,hsa-miR-493-3p,7,117.5
hsa-miR-369-3p,hsa-miR-376b-3p,7,117.5
hsa-miR-493-3p,hsa-miR-369-3p,7,117.5
hsa-miR-376b-3p,hsa-miR-889-3p,7,117.5
hsa-miR-376b-3p,hsa-miR-369-3p,7,117.5
hsa-miR-376c-3p,hsa-miR-656-3p,7,117.5
hsa-miR-376c-3p,hsa-miR-889-3p,7,117.5
hsa-miR-889-3p,hsa-miR-127-5p,7,117.5
hsa-miR-889-3p,hsa-miR-376b-3p,7,117.5
hsa-miR-889-3p,hsa-miR-376c-3p,7,117.5
hsa-miR-299-3p,hsa-miR-656-3p,6,117.5
hsa-miR-154-5p,hsa-miR-889-3p,6,117.5
hsa-miR-889-3p,hsa-miR-154-5p,6,117.5
hsa-miR-656-3p,hsa-miR-299-3p,6,117.5
hsa-miR-656-3p,hsa-miR-889-3p,5,117.5
hsa-miR-656-3p,hsa-miR-376b-3p,5,117.5
hsa-miR-409-3p,hsa-miR-889-3p,5,117.5
hsa-miR-376b-3p,hsa-miR-656-3p,5,117.5
hsa-miR-889-3p,hsa-miR-656-3p,5,117.5
hsa-miR-889-3p,hsa-miR-409-3p,5,117.5
hsa-miR-136-5p,hsa-miR-889-3p,4,117.5
hsa-miR-380-3p,hsa-miR-889-3p,4,117.5
hsa-miR-668-3p,hsa-miR-889-3p,4,117.5
hsa-miR-889-3p,hsa-miR-136-5p,4,117.5
hsa-miR-889-3p,hsa-miR-380-3p,4,117.5
hsa-miR-889-3p,hsa-miR-668-3p,4,117.5
hsa-miR-654-5p,hsa-miR-369-3p,4,117.5
hsa-miR-369-3p,hsa-miR-654-5p,4,117.5
hsa-miR-370-3p,hsa-miR-889-3p,3,117.5
hsa-miR-541-3p,hsa-miR-889-3p,3,117.5
hsa-miR-369-3p,hsa-miR-380-3p,3,117.5
hsa-miR-380-3p,hsa-miR-369-3p,3,117.5
hsa-miR-889-3p,hsa-miR-370-3p,3,117.5
hsa-miR-889-3p,hsa-miR-541-3p,3,117.5
hsa-miR-770-5p,hsa-miR-889-3p,2,117.5
hsa-miR-889-3p,hsa-miR-654-5p,2,117.5
hsa-miR-889-3p,hsa-miR-655-3p,2,117.5
hsa-miR-889-3p,hsa-miR-770-5p,2,117.5
hsa-miR-376a-3p,hsa-miR-656-3p,2,117.5
hsa-miR-654-5p,hsa-miR-889-3p,2,117.5
hsa-miR-656-3p,hsa-miR-376a-3p,2,117.5
hsa-miR-655-3p,hsa-miR-889-3p,2,117.5
hsa-miR-369-3p,hsa-miR-889-3p,1,117.5
hsa-miR-889-3p,hsa-miR-369-3p,1,117.5